x,y
-3.756987,-4.292653
-3.816260,-4.373675
-3.875324,-4.454914
-3.934216,-4.536407
-3.992911,-4.618124
-4.051425,-4.700073
-4.109754,-4.782230
-4.167921,-4.864595
-4.225925,-4.947129
-4.283804,-5.029821
-4.341562,-5.112624
-4.399231,-5.195531
-4.456816,-5.278521
-4.514309,-5.361580
-4.571707,-5.444731
-4.628973,-5.527985
-4.686068,-5.611330
-4.742995,-5.694779
-4.799753,-5.778299
-4.856347,-5.861835
-4.912838,-5.945384
-4.969251,-6.028906
-5.025622,-6.112384
-5.081990,-6.195811
-5.138371,-6.279155
-5.194822,-6.362444
-5.251337,-6.445628
-5.307947,-6.528716
-5.364671,-6.611710
-5.421518,-6.694608
-5.478483,-6.777405
-5.535569,-6.860101
-5.592801,-6.942739
-5.650146,-7.025292
-5.707602,-7.107778
-5.765171,-7.190226
-5.822845,-7.272654
-5.880591,-7.355041
-5.938411,-7.437410
-5.996307,-7.519775
-6.054276,-7.602129
-6.112307,-7.684448
-6.170419,-7.766736
-6.228633,-7.848984
-6.286964,-7.931176
-6.345429,-8.013282
-6.404047,-8.095290
-6.462840,-8.177212
-6.521809,-8.259039
-6.580949,-8.340763
-6.640254,-8.422395
-6.699713,-8.503944
-6.759302,-8.585419
-6.818994,-8.666836
-6.878754,-8.748215
-6.938539,-8.829571
-6.998313,-8.910916
-7.058054,-8.992275
-7.117730,-9.073645
-7.177314,-9.155020
-7.236803,-9.236414
-7.296184,-9.317821
-7.355456,-9.399240
-7.414621,-9.480662
-7.473650,-9.562042
-7.532587,-9.643424
-7.591431,-9.724804
-7.650156,-9.806141
-7.708764,-9.887443
-7.767292,-9.968765
-7.825722,-10.050083
-7.884057,-10.131393
-7.942319,-10.212718
-8.000526,-10.294067
-8.058693,-10.375437
-8.116856,-10.456854
-8.175022,-10.538291
-8.233220,-10.619748
-8.291490,-10.701245
-8.349880,-10.782802
-8.408357,-10.864333
-8.466969,-10.945861
-8.525764,-11.027408
-8.584792,-11.109005
-8.643985,-11.190546
-8.703351,-11.272023
-8.762912,-11.353456
-8.822693,-11.434869
-8.882692,-11.516263
-8.942847,-11.597565
-9.003164,-11.678798
-9.063643,-11.759976
-9.124262,-11.841090
-9.185010,-11.922152
-9.245852,-12.003151
-9.306763,-12.084089
-9.367715,-12.164972
-9.428674,-12.245802
-9.489613,-12.326595
-9.550510,-12.407379
-9.611320,-12.488155
-9.672012,-12.568941
-9.732554,-12.649744
-9.792905,-12.730550
-9.853071,-12.811409
-9.913064,-12.892358
-9.972855,-12.973380
-10.032421,-13.054453
-10.091775,-13.135593
-10.150940,-13.216832
-10.209910,-13.298150
-10.268685,-13.379526
-10.327297,-13.460970
-10.385758,-13.542465
-10.444088,-13.623998
-10.502310,-13.705559
-10.560459,-13.787152
-10.618554,-13.868753
-10.676613,-13.950344
-10.734663,-14.031919
-10.792733,-14.113483
-10.850834,-14.195025
-10.908971,-14.276527
-10.967152,-14.357983
-11.025391,-14.439401
-11.083691,-14.520780
-11.142053,-14.602120
-11.200469,-14.683415
-11.258937,-14.764676
-11.317454,-14.845909
-11.376014,-14.927122
-11.434612,-15.008324
-11.493233,-15.089514
-11.551873,-15.170702
-11.610526,-15.251904
-11.669190,-15.333133
-11.727846,-15.414377
-11.786498,-15.495648
-11.845153,-15.576961
-11.903824,-15.658328
-11.962495,-15.739721
-12.021178,-15.821142
-12.079898,-15.902603
-12.138683,-15.984120
-12.197520,-16.065643
-12.256420,-16.147161
-12.315400,-16.228674
-12.374470,-16.310175
-12.433630,-16.391646
-12.492883,-16.473078
-12.552200,-16.554424
-12.611601,-16.635708
-12.671081,-16.716926
-12.730623,-16.798056
-12.790192,-16.879071
-12.849811,-16.960025
-12.909446,-17.040896
-12.969054,-17.121657
-13.028595,-17.202285
-13.088143,-17.282889
-13.147673,-17.363456
-13.207160,-17.443971
-13.266582,-17.524422
-13.325933,-17.604811
-13.385256,-17.685203
-13.444542,-17.765599
-13.503778,-17.845993
-13.562950,-17.926382
-13.622046,-18.006763
-13.681072,-18.087156
-13.740038,-18.167588
-13.798938,-18.248066
-13.857769,-18.328590
-13.916529,-18.409162
-13.975204,-18.489756
-14.033821,-18.570402
-14.092398,-18.651109
-14.150949,-18.731878
-14.209484,-18.812711
-14.267987,-18.893557
-14.326477,-18.974429
-14.384969,-19.055324
-14.443476,-19.136241
-14.502012,-19.217177
-14.560567,-19.298090
-14.619163,-19.378988
-14.677812,-19.459868
-14.736527,-19.540724
-14.795314,-19.621539
-14.854177,-19.702302
-14.913123,-19.783014
-14.972154,-19.863672
-15.031264,-19.944278
-15.090448,-20.024832
-15.149697,-20.105333
-15.209007,-20.185785
-15.268374,-20.266192
-15.327803,-20.346564
-15.387283,-20.426898
-15.446813,-20.507196
-15.506394,-20.587464
-15.566027,-20.667706
-15.625719,-20.747933
-15.685455,-20.828130
-15.745240,-20.908303
-15.805080,-20.988458
-15.864985,-21.068605
-15.924952,-21.148731
-15.984977,-21.228821
-16.045073,-21.308876
-16.105252,-21.388895
-16.165527,-21.468882
-16.225891,-21.548816
-16.286341,-21.628686
-16.346883,-21.708491
-16.407523,-21.788236
-16.468267,-21.867928
-16.529103,-21.947553
-16.590021,-22.027100
-16.651015,-22.106569
-16.712095,-22.185979
-16.773256,-22.265335
-16.834481,-22.344629
-16.895753,-22.423850
-16.957061,-22.503002
-17.018415,-22.582118
-17.079796,-22.661196
-17.141187,-22.740235
-17.202565,-22.819228
-17.263922,-22.898182
-17.325271,-22.977128
-17.386601,-23.056063
-17.447901,-23.134985
-17.509170,-23.213900
-17.570403,-23.292808
-17.631604,-23.371719
-17.692768,-23.450629
-17.753890,-23.529532
-17.814985,-23.608446
-17.876055,-23.687371
-17.937090,-23.766292
-17.998089,-23.845202
-18.059052,-23.924091
-18.120008,-24.002990
-18.180972,-24.081903
-18.241932,-24.160794
-18.302892,-24.239649
-18.363864,-24.318458
-18.424892,-24.397265
-18.485988,-24.476063
-18.547137,-24.554813
-18.608348,-24.633504
-18.669637,-24.712145
-18.731026,-24.790748
-18.792526,-24.869313
-18.854127,-24.947810
-18.915842,-25.026241
-18.977679,-25.104609
-19.039649,-25.182921
-19.101757,-25.261174
-19.164002,-25.339362
-19.226380,-25.417484
-19.288883,-25.495539
-19.351510,-25.573546
-19.414256,-25.651512
-19.477118,-25.729453
-19.540059,-25.807344
-19.603077,-25.885198
-19.666174,-25.963035
-19.729351,-26.040875
-19.792605,-26.118726
-19.855887,-26.196551
-19.919201,-26.274365
-19.982560,-26.352198
-20.045968,-26.430069
-20.109427,-26.507988
-20.172877,-26.585895
-20.236326,-26.663809
-20.299796,-26.741762
-20.363289,-26.819761
-20.426806,-26.897810
-20.490313,-26.975871
-20.553798,-27.053931
-20.617273,-27.132008
-20.680734,-27.210101
-20.744175,-27.288206
-20.807589,-27.366321
-20.870973,-27.444445
-20.934323,-27.522582
-20.997630,-27.600725
-21.060882,-27.678866
-21.124065,-27.756996
-21.187177,-27.835119
-21.250231,-27.913263
-21.313216,-27.991424
-21.376113,-28.069588
-21.438901,-28.147740
-21.501566,-28.225872
-21.564094,-28.303979
-21.626525,-28.382133
-21.688832,-28.460314
-21.750994,-28.538501
-21.812991,-28.616681
-21.874807,-28.694840
-21.936489,-28.773056
-21.998033,-28.851337
-22.059427,-28.929668
-22.120657,-29.008036
-22.181711,-29.086426
-22.242633,-29.164908
-22.303418,-29.243473
-22.364065,-29.322114
-22.424576,-29.400825
-22.484963,-29.479620
-22.545238,-29.558502
-22.605413,-29.637474
-22.665507,-29.716540
-22.725543,-29.795710
-22.785510,-29.874955
-22.845420,-29.954268
-22.905289,-30.033656
-22.965130,-30.113122
-23.024956,-30.192671
-23.084745,-30.272262
-23.144505,-30.351901
-23.204243,-30.431591
-23.263961,-30.511332
-23.323657,-30.591123
-23.383323,-30.670956
-23.442954,-30.750833
-23.502543,-30.830751
-23.562085,-30.910718
-23.621575,-30.990740
-23.680999,-31.070821
-23.740336,-31.150950
-23.799568,-31.231131
-23.858690,-31.311375
-23.917695,-31.391694
-23.976566,-31.472084
-24.035281,-31.552537
-24.093822,-31.633043
-24.152204,-31.713633
-24.210417,-31.794310
-24.268444,-31.875065
-24.326260,-31.955880
-24.383847,-32.036741
-24.441239,-32.117699
-24.498423,-32.198754
-24.555373,-32.279881
-24.612065,-32.361054
-24.668489,-32.442270
-24.724705,-32.523607
-24.780693,-32.605041
-24.836435,-32.686546
-24.891928,-32.768119
-24.947169,-32.849759
-25.002183,-32.931489
-25.056990,-33.013327
-25.111597,-33.095277
-25.166005,-33.177333
-25.220219,-33.259491
-25.274247,-33.341747
-25.328106,-33.424111
-25.381809,-33.506587
-25.435366,-33.589177
-25.488785,-33.671882
-25.542076,-33.754702
-25.595251,-33.837644
-25.648300,-33.920685
-25.701233,-34.003827
-25.754062,-34.087079
-25.806805,-34.170454
-25.859476,-34.253964
-25.912094,-34.337626
-25.964611,-34.421367
-26.017050,-34.505204
-26.069430,-34.589158
-26.121774,-34.673251
-26.174100,-34.757497
-26.226365,-34.841819
-26.278577,-34.926213
-26.330756,-35.010693
-26.382922,-35.095274
-26.435089,-35.179958
-26.487223,-35.264677
-26.539343,-35.349440
-26.591465,-35.434256
-26.643604,-35.519130
-26.695745,-35.604022
-26.747893,-35.688926
-26.800052,-35.773845
-26.852220,-35.858774
-26.904391,-35.943709
-26.956557,-36.028649
-27.008714,-36.113598
-27.060850,-36.198554
-27.112958,-36.283528
-27.165027,-36.368526
-27.217043,-36.453554
-27.268988,-36.538616
-27.320849,-36.623725
-27.372611,-36.708895
-27.424249,-36.794132
-27.475743,-36.879442
-27.527076,-36.964836
-27.578236,-37.050332
-27.629202,-37.135928
-27.679956,-37.221626
-27.730485,-37.307435
-27.780787,-37.393370
-27.830847,-37.479434
-27.880658,-37.565630
-27.930212,-37.651962
-27.979503,-37.738433
-28.028527,-37.825047
-28.077284,-37.911808
-28.125772,-37.998720
-28.173986,-38.085777
-28.221922,-38.172978
-28.269581,-38.260325
-28.316964,-38.347822
-28.364067,-38.435473
-28.410879,-38.523259
-28.457397,-38.611181
-28.503622,-38.699247
-28.549545,-38.787466
-28.595140,-38.875805
-28.640394,-38.964255
-28.685302,-39.052848
-28.729839,-39.141575
-28.773975,-39.230409
-28.817696,-39.319358
-28.860989,-39.408465
-28.903832,-39.497714
-28.946206,-39.587103
-28.988100,-39.676655
-29.029503,-39.766378
-29.070409,-39.856287
-29.110811,-39.946370
-29.150709,-40.036644
-29.190110,-40.127138
-29.229018,-40.217832
-29.267439,-40.308723
-29.305380,-40.399833
-29.342846,-40.491174
-29.379831,-40.582689
-29.416337,-40.674392
-29.452364,-40.766293
-29.487909,-40.858379
-29.522965,-40.950634
-29.557530,-41.043060
-29.591596,-41.135655
-29.625153,-41.228413
-29.658189,-41.321330
-29.690689,-41.414399
-29.722635,-41.507605
-29.754009,-41.600976
-29.784792,-41.694504
-29.814963,-41.788181
-29.844498,-41.882009
-29.873374,-41.976015
-29.901566,-42.070192
-29.929047,-42.164534
-29.955792,-42.259064
-29.981772,-42.353786
-30.006962,-42.448695
-30.031340,-42.543795
-30.054884,-42.639097
-30.077575,-42.734596
-30.099396,-42.830282
-30.120337,-42.926163
-30.140392,-43.022227
-30.159558,-43.118461
-30.177835,-43.214862
-30.195231,-43.311423
-30.211756,-43.408125
-30.227425,-43.504957
-30.242255,-43.601919
-30.256272,-43.698990
-30.269498,-43.796152
-30.281957,-43.893419
-30.293675,-43.990775
-30.304675,-44.088202
-30.314967,-44.185723
-30.324563,-44.283329
-30.333472,-44.381012
-30.341692,-44.478780
-30.349219,-44.576630
-30.356044,-44.674564
-30.362155,-44.772571
-30.367533,-44.870657
-30.372156,-44.968833
-30.376007,-45.067065
-30.379067,-45.165359
-30.381318,-45.263730
-30.382758,-45.362148
-30.383374,-45.460597
-30.383157,-45.559090
-30.382112,-45.657618
-30.380243,-45.756164
-30.377542,-45.854716
-30.374015,-45.953289
-30.369687,-46.051863
-30.364559,-46.150418
-30.358640,-46.248961
-30.351951,-46.347491
-30.344510,-46.445987
-30.336314,-46.544415
-30.327369,-46.642781
-30.317685,-46.741059
-30.307257,-46.839224
-30.296079,-46.937265
-30.284139,-47.035161
-30.271430,-47.132907
-30.257933,-47.230479
-30.243622,-47.327843
-30.228478,-47.425009
-30.212477,-47.521970
-30.195594,-47.618690
-30.177810,-47.715150
-30.159119,-47.811399
-30.139508,-47.907416
-30.118972,-48.003185
-30.097508,-48.098709
-30.075120,-48.194004
-30.051812,-48.289067
-30.027593,-48.383897
-30.002478,-48.478491
-29.976478,-48.572865
-29.949616,-48.667031
-29.921918,-48.761000
-29.893412,-48.854752
-29.864118,-48.948314
-29.834064,-49.041700
-29.803272,-49.134913
-29.771759,-49.227932
-29.739537,-49.320776
-29.706614,-49.413457
-29.672997,-49.505960
-29.638699,-49.598267
-29.603719,-49.690385
-29.568050,-49.782316
-29.531684,-49.874048
-29.494642,-49.965540
-29.456905,-50.056801
-29.418448,-50.147830
-29.379257,-50.238620
-29.339363,-50.329116
-29.298748,-50.419315
-29.257393,-50.509220
-29.215279,-50.598838
-29.172439,-50.688120
-29.128861,-50.777053
-29.084529,-50.865644
-29.039428,-50.953899
-28.993553,-51.041783
-28.946899,-51.129297
-28.899461,-51.216445
-28.851243,-51.303191
-28.802256,-51.389532
-28.752490,-51.475486
-28.701971,-51.561032
-28.650728,-51.646158
-28.598792,-51.730851
-28.546168,-51.815135
-28.492870,-51.899015
-28.438938,-51.982469
-28.384399,-52.065515
-28.329275,-52.148147
-28.273568,-52.230366
-28.217294,-52.312192
-28.160469,-52.393616
-28.103103,-52.474620
-28.045188,-52.555220
-27.986722,-52.635420
-27.927710,-52.715197
-27.868153,-52.794532
-27.808033,-52.873446
-27.747345,-52.951919
-27.686087,-53.029935
-27.624259,-53.107493
-27.561863,-53.184594
-27.498898,-53.261232
-27.435364,-53.337405
-27.371270,-53.413125
-27.306634,-53.488387
-27.241460,-53.563199
-27.175750,-53.637572
-27.109518,-53.711523
-27.042801,-53.785046
-26.975604,-53.858160
-26.907935,-53.930888
-26.839803,-54.003257
-26.771266,-54.075252
-26.702331,-54.146894
-26.633005,-54.218198
-26.563292,-54.289177
-26.493213,-54.359830
-26.422783,-54.430152
-26.352006,-54.500145
-26.280879,-54.569811
-26.209395,-54.639151
-26.137557,-54.708157
-26.065365,-54.776811
-25.992809,-54.845105
-25.919874,-54.913032
-25.846546,-54.980577
-25.772809,-55.047715
-25.698652,-55.114431
-25.624070,-55.180707
-25.549064,-55.246523
-25.473629,-55.311868
-25.397758,-55.376736
-25.321466,-55.441111
-25.244762,-55.505003
-25.167669,-55.568401
-25.090192,-55.631308
-25.012360,-55.693722
-24.934175,-55.755683
-24.855680,-55.817182
-24.776911,-55.878218
-24.697886,-55.938808
-24.618590,-55.999016
-24.539058,-56.058840
-24.459322,-56.118284
-24.379389,-56.177362
-24.299237,-56.236132
-24.218881,-56.294601
-24.138336,-56.352776
-24.057601,-56.410670
-23.976668,-56.468296
-23.895528,-56.525670
-23.814170,-56.582801
-23.732593,-56.639690
-23.650787,-56.696339
-23.568749,-56.752737
-23.486448,-56.808892
-23.403862,-56.864809
-23.321002,-56.920473
-23.237859,-56.975867
-23.154422,-57.030979
-23.070654,-57.085820
-22.986584,-57.140368
-22.902227,-57.194608
-22.817587,-57.248526
-22.732645,-57.302134
-22.647387,-57.355443
-22.561872,-57.408432
-22.476127,-57.461092
-22.390154,-57.513436
-22.303957,-57.565476
-22.217546,-57.617227
-22.130954,-57.668692
-22.044209,-57.719875
-21.957328,-57.770784
-21.870316,-57.821435
-21.783179,-57.871839
-21.695934,-57.922000
-21.608598,-57.971919
-21.521173,-58.021607
-21.433662,-58.071071
-21.346091,-58.120308
-21.258479,-58.169308
-21.170791,-58.218092
-21.083015,-58.266669
-20.995166,-58.315030
-20.907260,-58.363160
-20.819308,-58.411047
-20.731249,-58.458723
-20.643089,-58.506181
-20.554833,-58.553413
-20.466486,-58.600412
-20.378033,-58.647189
-20.289462,-58.693750
-20.200770,-58.740095
-20.111956,-58.786224
-20.023014,-58.832141
-19.933927,-58.877857
-19.844713,-58.923367
-19.755368,-58.968674
-19.665883,-59.013788
-19.576247,-59.058719
-19.486459,-59.103472
-19.396542,-59.148047
-19.306507,-59.192452
-19.216346,-59.236700
-19.126065,-59.280797
-19.035672,-59.324746
-18.945166,-59.368556
-18.854566,-59.412227
-18.763867,-59.455768
-18.673086,-59.499173
-18.582222,-59.542447
-18.491270,-59.585596
-18.400230,-59.628621
-18.309113,-59.671518
-18.217927,-59.714281
-18.126670,-59.756911
-18.035335,-59.799405
-17.943920,-59.841762
-17.852432,-59.883969
-17.760867,-59.926021
-17.669223,-59.967915
-17.577499,-60.009646
-17.485708,-60.051205
-17.393847,-60.092592
-17.301915,-60.133807
-17.209923,-60.174847
-17.117871,-60.215718
-17.025761,-60.256423
-16.933611,-60.296962
-16.841430,-60.337337
-16.749227,-60.377554
-16.656978,-60.417637
-16.564707,-60.457587
-16.472440,-60.497404
-16.380203,-60.537087
-16.287958,-60.576670
-16.195700,-60.616167
-16.103448,-60.655579
-16.011220,-60.694906
-15.919030,-60.734150
-15.826837,-60.773336
-15.734634,-60.812473
-15.642430,-60.851560
-15.550232,-60.890601
-15.458046,-60.929594
-15.365857,-60.968549
-15.273657,-61.007471
-15.181445,-61.046363
-15.089222,-61.085224
-14.996984,-61.124056
-14.904731,-61.162860
-14.812461,-61.201635
-14.720167,-61.240381
-14.627842,-61.279100
-14.535477,-61.317794
-14.443064,-61.356464
-14.350631,-61.395095
-14.258172,-61.433688
-14.165685,-61.472244
-14.073165,-61.510765
-13.980612,-61.549251
-13.888040,-61.587695
-13.795449,-61.626098
-13.702836,-61.664460
-13.610204,-61.702782
-13.517552,-61.741065
-13.424877,-61.779311
-13.332190,-61.817516
-13.239495,-61.855682
-13.146793,-61.893808
-13.054090,-61.931895
-12.961361,-61.969955
-12.868619,-62.007984
-12.775882,-62.045978
-12.683153,-62.083936
-12.590434,-62.121859
-12.497693,-62.159760
-12.404907,-62.197647
-12.312119,-62.235504
-12.219326,-62.273329
-12.126524,-62.311124
-12.033705,-62.348889
-11.940840,-62.386637
-11.847936,-62.424364
-11.755024,-62.462056
-11.662104,-62.499713
-11.569176,-62.537335
-11.476232,-62.574924
-11.383269,-62.612480
-11.290290,-62.650003
-11.197295,-62.687491
-11.104288,-62.724943
-11.011270,-62.762358
-10.918255,-62.799731
-10.825247,-62.837059
-10.732241,-62.874345
-10.639218,-62.911597
-10.546186,-62.948813
-10.453165,-62.985988
-10.360176,-63.023115
-10.267233,-63.060192
-10.174316,-63.097229
-10.081395,-63.134240
-9.988483,-63.171225
-9.895601,-63.208178
-9.802755,-63.245099
-9.709952,-63.281990
-9.617145,-63.318872
-9.524337,-63.355748
-9.431529,-63.392622
-9.338719,-63.429497
-9.245902,-63.466377
-9.153084,-63.503265
-9.060260,-63.540165
-8.967418,-63.577086
-8.874537,-63.614036
-8.781603,-63.651027
-8.688636,-63.688049
-8.595659,-63.725095
-8.502650,-63.762176
-8.409583,-63.799303
-8.316432,-63.836487
-8.223177,-63.873738
-8.129906,-63.911017
-8.036622,-63.948325
-7.943310,-63.985665
-7.849959,-64.023043
-7.756557,-64.060464
-7.663094,-64.097929
-7.569606,-64.135423
-7.476113,-64.172936
-7.382613,-64.210467
-7.289102,-64.248016
-7.195576,-64.285584
-7.102033,-64.323169
-7.008471,-64.360770
-6.914909,-64.398379
-6.821354,-64.435990
-6.727811,-64.473601
-6.634288,-64.511209
-6.540793,-64.548809
-6.447339,-64.586395
-6.353911,-64.623974
-6.260501,-64.661549
-6.167127,-64.699114
-6.073806,-64.736660
-5.980556,-64.774183
-5.887381,-64.811683
-5.794284,-64.849160
-5.701212,-64.886639
-5.608184,-64.924115
-5.515218,-64.961583
-5.422334,-64.999042
-5.329502,-65.036505
-5.236738,-65.073972
-5.144014,-65.111459
-5.051341,-65.148966
-4.958729,-65.186493
-4.866179,-65.224046
-4.773662,-65.261637
-4.681183,-65.299272
-4.588730,-65.336958
-4.496303,-65.374700
-4.403900,-65.412504
-4.311516,-65.450376
-4.219144,-65.488323
-4.126783,-65.526351
-4.034435,-65.564461
-3.942090,-65.602660
-3.849737,-65.640957
-3.757373,-65.679355
-3.665012,-65.717849
-3.572653,-65.756441
-3.480294,-65.795131
-3.387917,-65.833924
-3.295506,-65.872827
-3.203077,-65.911831
-3.110656,-65.950925
-3.018235,-65.990109
-2.925810,-66.029381
-2.833371,-66.068743
-2.740910,-66.108195
-2.648476,-66.147714
-2.556068,-66.187298
-2.463685,-66.226943
-2.371331,-66.266643
-2.279014,-66.306393
-2.186731,-66.346190
-2.094492,-66.386026
-2.002311,-66.425891
-1.910199,-66.465778
-1.818168,-66.505679
-1.726198,-66.545601
-1.634268,-66.585549
-1.542398,-66.625515
-1.450613,-66.665485
-1.358934,-66.705449
-1.267381,-66.745399
-1.175861,-66.785373
-1.084369,-66.825372
-0.992916,-66.865392
-0.901509,-66.905429
-0.810164,-66.945477
-0.718894,-66.985531
-0.627655,-67.025609
-0.536421,-67.065724
-0.445191,-67.105876
-0.353962,-67.146068
-0.262743,-67.186297
-0.171548,-67.226558
-0.080369,-67.266855
0.010816,-67.307201
0.102018,-67.347600
0.193246,-67.388060
0.284505,-67.428582
0.375770,-67.469158
0.467056,-67.509795
0.558359,-67.550494
0.649669,-67.591253
0.741002,-67.632080
0.832374,-67.672984
0.923778,-67.713963
1.015220,-67.755020
1.106712,-67.796162
1.198193,-67.837363
1.289674,-67.878630
1.381164,-67.919966
1.472671,-67.961374
1.564191,-68.002852
1.655732,-68.044402
1.747255,-68.086007
1.838762,-68.127666
1.930256,-68.169379
2.021739,-68.211144
2.113213,-68.252959
2.204678,-68.294823
2.296122,-68.336725
2.387541,-68.378661
2.478934,-68.420627
2.570296,-68.462616
2.661622,-68.504622
2.752924,-68.546644
2.844211,-68.588684
2.935478,-68.630734
3.026721,-68.672790
3.117936,-68.714845
3.209119,-68.756894
3.300283,-68.798942
3.391442,-68.840990
3.482594,-68.883038
3.573737,-68.925080
3.664870,-68.967117
3.755991,-69.009144
3.847107,-69.051165
3.938225,-69.093180
4.029343,-69.135191
4.120464,-69.177196
4.211588,-69.219196
4.302715,-69.261191
4.393849,-69.303184
4.484988,-69.345174
4.576132,-69.387162
4.667285,-69.429151
4.758447,-69.471142
4.849621,-69.513139
4.940804,-69.555140
5.031990,-69.597144
5.123178,-69.639151
5.214367,-69.681163
5.305558,-69.723179
5.396748,-69.765200
5.487937,-69.807225
5.579121,-69.849254
5.670299,-69.891285
5.761469,-69.933318
5.852626,-69.975352
5.943766,-70.017383
6.034894,-70.059414
6.126014,-70.101446
6.217118,-70.143475
6.308204,-70.185499
6.399268,-70.227516
6.490302,-70.269521
6.581313,-70.311517
6.672313,-70.353507
6.763295,-70.395488
6.854250,-70.437455
6.945177,-70.479406
7.036069,-70.521338
7.126929,-70.563250
7.217784,-70.605157
7.308629,-70.647054
7.399460,-70.688941
7.490273,-70.730815
7.581066,-70.772676
7.671835,-70.814522
7.762598,-70.856363
7.853358,-70.898200
7.944114,-70.940034
8.034864,-70.981865
8.125605,-71.023693
8.216335,-71.065518
8.307056,-71.107342
8.397778,-71.149172
8.488500,-71.191009
8.579223,-71.232856
8.669945,-71.274713
8.760665,-71.316581
8.851385,-71.358465
8.942103,-71.400365
9.032819,-71.442285
9.123536,-71.484228
9.214253,-71.526195
9.304968,-71.568189
9.395679,-71.610212
9.486388,-71.652265
9.577084,-71.694349
9.667768,-71.736465
9.758437,-71.778615
9.849091,-71.820802
9.939730,-71.863029
10.030354,-71.905298
10.120957,-71.947611
10.211534,-71.989968
10.302083,-72.032371
10.392600,-72.074821
10.483089,-72.117324
10.573550,-72.159882
10.663977,-72.202498
10.754367,-72.245172
10.844715,-72.287907
10.935015,-72.330702
11.025268,-72.373562
11.115479,-72.416493
11.205645,-72.459497
11.295761,-72.502573
11.385824,-72.545723
11.475832,-72.588947
11.565780,-72.632244
11.655679,-72.675621
11.745530,-72.719080
11.835327,-72.762619
11.925070,-72.806237
12.014757,-72.849933
12.104385,-72.893704
12.193960,-72.937553
12.283491,-72.981484
12.372975,-73.025491
12.462410,-73.069573
12.551794,-73.113725
12.641124,-73.157944
12.730406,-73.202226
12.819653,-73.246577
12.908864,-73.290991
12.998040,-73.335463
13.087177,-73.379985
13.176273,-73.424552
13.265332,-73.469162
13.354372,-73.513818
13.443394,-73.558519
13.532399,-73.603262
13.621391,-73.648046
13.710366,-73.692868
13.799326,-73.737726
13.888274,-73.782622
13.977212,-73.827555
14.066146,-73.872529
14.155081,-73.917545
14.244020,-73.962608
14.332964,-74.007717
14.421894,-74.052866
14.510817,-74.098061
14.599739,-74.143306
14.688668,-74.188607
14.777610,-74.233973
14.866574,-74.279412
14.955519,-74.324904
15.044450,-74.370458
15.133375,-74.416081
15.222301,-74.461780
15.311234,-74.507562
15.400183,-74.553433
15.489125,-74.599382
15.578038,-74.645398
15.666925,-74.691482
15.755789,-74.737637
15.844635,-74.783863
15.933463,-74.830161
16.022282,-74.876532
16.111076,-74.922965
16.199841,-74.969457
16.288577,-75.016003
16.377287,-75.062601
16.465971,-75.109249
16.554629,-75.155940
16.643259,-75.202670
16.731870,-75.249436
16.820461,-75.296234
16.909031,-75.343056
16.997579,-75.389895
17.086105,-75.436742
17.174598,-75.483586
17.263058,-75.530417
17.351519,-75.577244
17.439980,-75.624058
17.528438,-75.670850
17.616892,-75.717610
17.705336,-75.764329
17.793756,-75.810992
17.882174,-75.857603
17.970615,-75.904172
18.059077,-75.950692
18.147559,-75.997159
18.236056,-76.043568
18.324551,-76.089909
18.413043,-76.136180
18.501567,-76.182398
18.590120,-76.228563
18.678697,-76.274676
18.767295,-76.320737
18.855901,-76.366744
18.944502,-76.412695
19.033127,-76.458611
19.121771,-76.504498
19.210430,-76.550362
19.299100,-76.596210
19.387770,-76.642047
19.476423,-76.687876
19.565076,-76.733716
19.653725,-76.779575
19.742367,-76.825462
19.830998,-76.871385
19.919612,-76.917348
20.008194,-76.963351
20.096750,-77.009403
20.185277,-77.055508
20.273773,-77.101667
20.362234,-77.147881
20.450657,-77.194149
20.539046,-77.240471
20.627400,-77.286847
20.715717,-77.333271
20.803994,-77.379739
20.892228,-77.426242
20.980421,-77.472776
21.068593,-77.519341
21.156742,-77.565927
21.244865,-77.612523
21.332961,-77.659117
21.421025,-77.705695
21.509051,-77.752245
21.597079,-77.798776
21.685104,-77.845276
21.773117,-77.891733
21.861112,-77.938133
21.949081,-77.984466
22.037018,-78.030723
22.124951,-78.076914
22.212900,-78.123048
22.300856,-78.169116
22.388812,-78.215115
22.476759,-78.261039
22.564703,-78.306893
22.652644,-78.352678
22.740593,-78.398404
22.828544,-78.444074
22.916490,-78.489687
23.004419,-78.535245
23.092360,-78.580771
23.180304,-78.626269
23.268242,-78.671742
23.356158,-78.717191
23.444046,-78.762620
23.531925,-78.808048
23.619808,-78.853490
23.707693,-78.898954
23.795580,-78.944446
23.883465,-78.989974
23.971323,-79.035530
24.059170,-79.081132
24.147010,-79.126785
24.234850,-79.172498
24.322694,-79.218277
24.410551,-79.264128
24.498409,-79.310047
24.586249,-79.356025
24.674082,-79.402066
24.761917,-79.448173
24.849767,-79.494349
24.937628,-79.540590
25.025507,-79.586896
25.113374,-79.633250
25.201237,-79.679654
25.289104,-79.726108
25.376974,-79.772610
25.464851,-79.819159
25.552741,-79.865755
25.640613,-79.912380
25.728472,-79.959032
25.816326,-80.005715
25.904177,-80.052425
25.992027,-80.099160
26.079873,-80.145917
26.167691,-80.192682
26.255492,-80.239463
26.343282,-80.286264
26.431053,-80.333084
26.518797,-80.379924
26.606503,-80.426782
26.694174,-80.473664
26.781820,-80.520581
26.869434,-80.567535
26.957010,-80.614525
27.044543,-80.661555
27.132040,-80.708633
27.219502,-80.755764
27.306926,-80.802951
27.394307,-80.850196
27.481644,-80.897502
27.568940,-80.944875
27.656197,-80.992319
27.743413,-81.039838
27.830590,-81.087435
27.917728,-81.135113
28.004820,-81.182869
28.091870,-81.230705
28.178891,-81.278625
28.265886,-81.326631
28.352855,-81.374721
28.439790,-81.422886
28.526696,-81.471127
28.613575,-81.519441
28.700428,-81.567824
28.787258,-81.616274
28.874067,-81.664785
28.960860,-81.713357
29.047643,-81.761983
29.134408,-81.810655
29.221155,-81.859364
29.307896,-81.908109
29.394637,-81.956883
29.481384,-82.005681
29.568143,-82.054495
29.654897,-82.103306
29.741664,-82.152110
29.828449,-82.200902
29.915261,-82.249676
30.002107,-82.298428
30.088984,-82.347148
30.175887,-82.395827
30.262823,-82.444460
30.349795,-82.493047
30.436811,-82.541587
30.523872,-82.590077
30.610968,-82.638510
30.698102,-82.686886
30.785279,-82.735209
30.872496,-82.783478
30.959751,-82.831694
31.047041,-82.879860
31.134369,-82.927981
31.221733,-82.976062
31.309117,-83.024099
31.396513,-83.072093
31.483929,-83.120054
31.571360,-83.167981
31.658803,-83.215875
31.746253,-83.263734
31.833704,-83.311556
31.921161,-83.359342
32.008617,-83.407088
32.096073,-83.454790
32.183546,-83.502452
32.271029,-83.550069
32.358511,-83.597625
32.445982,-83.645111
32.533462,-83.692527
32.620974,-83.739875
32.708508,-83.787140
32.796046,-83.834300
32.883576,-83.881338
32.971170,-83.928274
33.058832,-83.975096
33.146566,-84.021795
33.234358,-84.068351
33.322229,-84.114757
33.410194,-84.161013
33.498266,-84.207113
33.586458,-84.253055
33.674759,-84.298825
33.763173,-84.344418
33.851721,-84.389837
33.940422,-84.435086
34.029255,-84.480155
34.118210,-84.525035
34.207300,-84.569733
34.296535,-84.614251
34.385905,-84.658586
34.475367,-84.702723
34.564932,-84.746669
34.654595,-84.790425
34.744351,-84.833990
34.834183,-84.877361
34.924085,-84.920538
35.014061,-84.963525
35.104097,-85.006322
35.194185,-85.048924
35.284341,-85.091339
35.374552,-85.133564
35.464799,-85.175593
35.555063,-85.217419
35.645375,-85.259055
35.735748,-85.300507
35.826158,-85.341768
35.916584,-85.382834
36.007046,-85.423717
36.097576,-85.464436
36.188162,-85.504993
36.278777,-85.545386
36.369434,-85.585628
36.460150,-85.625738
36.550915,-85.665725
36.641722,-85.705600
36.732573,-85.745379
36.823462,-85.785076
36.914386,-85.824705
37.005340,-85.864280
37.096323,-85.903807
37.187326,-85.943291
37.278347,-85.982731
37.369383,-86.022127
37.460433,-86.061474
37.551500,-86.100765
37.642588,-86.139990
37.733701,-86.179137
37.824839,-86.218185
37.916002,-86.257114
38.007212,-86.295910
38.098483,-86.334552
38.189819,-86.373019
38.281227,-86.411292
38.372715,-86.449358
38.464290,-86.487203
38.555957,-86.524821
38.647723,-86.562204
38.739598,-86.599352
38.831582,-86.636263
38.923658,-86.672930
39.015838,-86.709362
39.108132,-86.745572
39.200545,-86.781573
39.293059,-86.817371
39.385664,-86.852973
39.478373,-86.888398
39.571195,-86.923660
39.664146,-86.958777
39.757167,-86.993725
39.850267,-87.028514
39.943452,-87.063150
40.036730,-87.097636
40.130078,-87.131959
40.223495,-87.166116
40.316971,-87.200096
40.410507,-87.233891
40.504114,-87.267497
40.597782,-87.300898
40.691492,-87.334081
40.785232,-87.367032
40.879031,-87.399754
40.972880,-87.432240
41.066770,-87.464479
41.160693,-87.496462
41.254651,-87.528188
41.348679,-87.559668
41.442775,-87.590897
41.536938,-87.621875
41.631161,-87.652597
41.725455,-87.683070
41.819827,-87.713294
41.914283,-87.743271
42.008830,-87.773004
42.103474,-87.802492
42.198193,-87.831725
42.293004,-87.860708
42.387926,-87.889445
42.482976,-87.917938
42.578120,-87.946173
42.673355,-87.974139
42.768697,-88.001836
42.864161,-88.029262
42.959730,-88.056398
43.055383,-88.083223
43.151134,-88.109729
43.246996,-88.135907
43.342960,-88.161736
43.439016,-88.187195
43.535174,-88.212269
43.631446,-88.236944
43.727819,-88.261193
43.824298,-88.284995
43.920891,-88.308331
44.017599,-88.331187
44.114427,-88.353548
44.211382,-88.375406
44.308467,-88.396755
44.405677,-88.417588
44.503016,-88.437903
44.600492,-88.457696
44.698092,-88.476967
44.795810,-88.495715
44.893652,-88.513944
44.991619,-88.531658
45.089683,-88.548863
45.187843,-88.565566
45.286106,-88.581771
45.384462,-88.597482
45.482888,-88.612699
45.581391,-88.627418
45.679980,-88.641635
45.778634,-88.655347
45.877332,-88.668549
45.976072,-88.681233
46.074851,-88.693392
46.173660,-88.705014
46.272494,-88.716085
46.371342,-88.726594
46.470185,-88.736527
46.569035,-88.745863
46.667892,-88.754587
46.766721,-88.762695
46.865477,-88.770179
46.964229,-88.777015
47.062942,-88.783200
47.161573,-88.788735
47.260164,-88.793605
47.358747,-88.797798
47.457308,-88.801313
47.555867,-88.804153
47.654446,-88.806315
47.753074,-88.807799
47.851736,-88.808624
47.950449,-88.808799
48.049273,-88.808320
48.148192,-88.807202
48.247141,-88.805476
48.346155,-88.803139
48.445266,-88.800186
48.544408,-88.796636
48.643551,-88.792499
48.742706,-88.787772
48.841878,-88.782447
48.941051,-88.776527
49.040196,-88.770014
49.139306,-88.762902
49.238373,-88.755186
49.337388,-88.746862
49.436351,-88.737919
49.535241,-88.728354
49.634031,-88.718163
49.732698,-88.707346
49.831282,-88.695880
49.929773,-88.683759
50.028140,-88.670986
50.126363,-88.657565
50.224483,-88.643477
50.322488,-88.628724
50.420350,-88.613312
50.518055,-88.597250
50.615646,-88.580522
50.713096,-88.563135
50.810386,-88.545102
50.907523,-88.526425
51.004523,-88.507102
51.101369,-88.487144
51.198046,-88.466562
51.294581,-88.445345
51.390968,-88.423497
51.487195,-88.401022
51.583266,-88.377915
51.679181,-88.354171
51.774944,-88.329791
51.870545,-88.304773
51.965976,-88.279116
52.061251,-88.252818
52.156367,-88.225877
52.251302,-88.198302
52.346054,-88.170090
52.440650,-88.141241
52.535058,-88.111768
52.629268,-88.081677
52.723292,-88.050968
52.817139,-88.019649
52.910780,-87.987738
53.004217,-87.955236
53.097476,-87.922139
53.190546,-87.888469
53.283431,-87.854228
53.376150,-87.819410
53.468709,-87.784014
53.561074,-87.748067
53.653266,-87.711565
53.745305,-87.674501
53.837164,-87.636883
53.928826,-87.598718
54.020319,-87.560001
54.111669,-87.520726
54.202792,-87.480908
54.293717,-87.440533
54.384461,-87.399597
54.474949,-87.358118
54.565136,-87.316091
54.655022,-87.273494
54.744553,-87.230335
54.833665,-87.186620
54.922328,-87.142317
55.010550,-87.097395
55.098291,-87.051847
55.185470,-87.005672
55.272098,-86.958834
55.358246,-86.911300
55.443866,-86.863067
55.528915,-86.814145
55.613464,-86.764507
55.697559,-86.714133
55.781186,-86.663036
55.864325,-86.611241
55.947010,-86.558735
56.029279,-86.505507
56.111111,-86.451590
56.192506,-86.396996
56.273472,-86.341725
56.354007,-86.285781
56.434110,-86.229186
56.513794,-86.171943
56.593071,-86.114054
56.671888,-86.055545
56.750242,-85.996414
56.828136,-85.936666
56.905566,-85.876305
56.982478,-85.815346
57.058871,-85.753774
57.134745,-85.691589
57.210097,-85.628791
57.284879,-85.565391
57.359098,-85.501373
57.432758,-85.436733
57.505843,-85.371477
57.578334,-85.305599
57.650239,-85.239092
57.721567,-85.171952
57.792289,-85.104194
57.862416,-85.035817
57.931960,-84.966821
58.000918,-84.897214
58.069284,-84.827010
58.137062,-84.756213
58.204253,-84.684829
58.270853,-84.612866
58.336854,-84.540337
58.402250,-84.467248
58.467048,-84.393598
58.531233,-84.319399
58.594790,-84.244663
58.657726,-84.169382
58.720032,-84.093558
58.781681,-84.017207
58.842668,-83.940326
58.902995,-83.862906
58.962635,-83.784957
59.021560,-83.706492
59.079782,-83.627492
59.137282,-83.547959
59.194028,-83.467905
59.249994,-83.387336
59.305204,-83.306226
59.359632,-83.224580
59.413256,-83.142408
59.466062,-83.059710
59.518048,-82.976478
59.569200,-82.892716
59.619510,-82.808431
59.668969,-82.723625
59.717571,-82.638308
59.765323,-82.552490
59.812242,-82.466173
59.858329,-82.379371
59.903586,-82.292108
59.948044,-82.204400
59.991735,-82.116246
60.034651,-82.027686
60.076805,-81.938742
60.118225,-81.849438
60.158931,-81.759781
60.198931,-81.669798
60.238238,-81.579500
60.276860,-81.488916
60.314809,-81.398043
60.352083,-81.306890
60.388668,-81.215473
60.424562,-81.123801
60.459772,-81.031853
60.494281,-80.939641
60.528074,-80.847179
60.561168,-80.754445
60.593561,-80.661437
60.625244,-80.568162
60.656209,-80.474628
60.686462,-80.380826
60.716000,-80.286761
60.744820,-80.192437
60.772925,-80.097863
60.800314,-80.003047
60.826996,-79.907996
60.852984,-79.812714
60.878284,-79.717213
60.902894,-79.621517
60.926825,-79.525631
60.950086,-79.429559
60.972676,-79.333326
60.994593,-79.236936
61.015841,-79.140396
61.036423,-79.043712
61.056330,-78.946910
61.075560,-78.849973
61.094105,-78.752909
61.111957,-78.655722
61.129102,-78.558419
61.145524,-78.460987
61.161210,-78.363429
61.176148,-78.265739
61.190326,-78.167919
61.203734,-78.069972
61.216361,-77.971896
61.228201,-77.873683
61.239244,-77.775341
61.249487,-77.676886
61.258925,-77.578309
61.267551,-77.479605
61.275366,-77.380788
61.282374,-77.281886
61.288577,-77.182894
61.293977,-77.083816
61.298579,-76.984662
61.302394,-76.885460
61.305430,-76.786213
61.307693,-76.686927
61.309192,-76.587609
61.309943,-76.488280
61.309956,-76.388947
61.309244,-76.289622
61.307821,-76.190314
61.305702,-76.091029
61.302902,-75.991781
61.299439,-75.892583
61.295328,-75.793445
61.290582,-75.694368
61.285207,-75.595360
61.279210,-75.496434
61.272595,-75.397594
61.265363,-75.298844
61.257506,-75.200189
61.249018,-75.101645
61.239893,-75.003205
61.230118,-74.904879
61.219675,-74.806675
61.208545,-74.708605
61.196711,-74.610659
61.184149,-74.512852
61.170833,-74.415196
61.156741,-74.317697
61.141858,-74.220346
61.126169,-74.123154
61.109663,-74.026130
61.092332,-73.929280
61.074173,-73.832595
61.055186,-73.736082
61.035371,-73.639745
61.014735,-73.543586
60.993287,-73.447601
60.971037,-73.351791
60.948001,-73.256155
60.924196,-73.160691
60.899643,-73.065396
60.874367,-72.970267
60.848387,-72.875299
60.821723,-72.780486
60.794389,-72.685826
60.766397,-72.591311
60.737759,-72.496941
60.708484,-72.402717
60.678576,-72.308640
60.648034,-72.214703
60.616856,-72.120899
60.585054,-72.027250
60.552617,-71.933760
60.519535,-71.840421
60.485793,-71.747218
60.451401,-71.654186
60.416351,-71.561347
60.380623,-71.468690
60.344201,-71.376206
60.307087,-71.283910
60.269306,-71.191858
60.230853,-71.100048
60.191725,-71.008480
60.151923,-70.917156
60.111462,-70.826094
60.070360,-70.735314
60.028624,-70.644827
59.986264,-70.554635
59.943290,-70.464732
59.899716,-70.375131
59.855557,-70.285848
59.810829,-70.196884
59.765546,-70.108225
59.719730,-70.019889
59.673380,-69.931862
59.626510,-69.844141
59.579135,-69.756716
59.531276,-69.669599
59.482951,-69.582801
59.434132,-69.496278
59.384830,-69.410024
59.335058,-69.324046
59.284825,-69.238348
59.234125,-69.152919
59.182955,-69.067747
59.131316,-68.982834
59.079210,-68.898177
59.026636,-68.813774
58.973596,-68.729629
58.920087,-68.645742
58.866105,-68.562109
58.811643,-68.478722
58.756722,-68.395602
58.701346,-68.312754
58.645516,-68.230169
58.589233,-68.147838
58.532513,-68.065767
58.475382,-67.983968
58.417851,-67.902434
58.359929,-67.821155
58.301630,-67.740122
58.242981,-67.659338
58.183998,-67.578798
58.124697,-67.498492
58.065092,-67.418413
58.005196,-67.338554
57.945023,-67.258905
57.884586,-67.179463
57.823898,-67.100221
57.762971,-67.021175
57.701808,-66.942315
57.640407,-66.863632
57.578769,-66.785122
57.516893,-66.706784
57.454776,-66.628617
57.392410,-66.550622
57.329785,-66.472800
57.266890,-66.395151
57.203714,-66.317676
57.140251,-66.240379
57.076511,-66.163280
57.012485,-66.086373
56.948161,-66.009649
56.883533,-65.933106
56.818619,-65.856764
56.753435,-65.780641
56.687966,-65.704707
56.622215,-65.628961
56.556193,-65.553405
56.489934,-65.478063
56.423451,-65.402915
56.356756,-65.327953
56.289872,-65.253182
56.222821,-65.178604
56.155616,-65.104205
56.088254,-65.029955
56.020753,-64.955855
55.953131,-64.881905
55.885405,-64.808107
55.817575,-64.734442
55.749636,-64.660885
55.681600,-64.587435
55.613483,-64.514091
55.545299,-64.440853
55.477064,-64.367721
55.408760,-64.294661
55.340388,-64.221663
55.271956,-64.148722
55.203466,-64.075833
55.134942,-64.003019
55.066355,-63.930247
54.997694,-63.857503
54.928954,-63.784779
54.860130,-63.712070
54.791257,-63.639418
54.722315,-63.566803
54.653298,-63.494219
54.584196,-63.421657
54.515016,-63.349128
54.445764,-63.276643
54.376441,-63.204205
54.307040,-63.131809
54.237552,-63.059451
54.167968,-62.987124
54.098312,-62.914850
54.028602,-62.842643
53.958840,-62.770501
53.889008,-62.698399
53.819106,-62.626330
53.749159,-62.554315
53.679184,-62.482365
53.609172,-62.410468
53.539109,-62.338607
53.468998,-62.266783
53.398846,-62.195001
53.328666,-62.123271
53.258448,-62.051583
53.188189,-61.979934
53.117890,-61.908325
53.047550,-61.836756
52.977170,-61.765228
52.906750,-61.693744
52.836289,-61.622304
52.765781,-61.550911
52.695222,-61.479564
52.624604,-61.408265
52.553930,-61.337022
52.483197,-61.265839
52.412403,-61.194721
52.341547,-61.123672
52.270624,-61.052692
52.199634,-60.981787
52.128577,-60.910963
52.057456,-60.840226
51.986269,-60.769581
51.915005,-60.699018
51.843669,-60.628549
51.772267,-60.558182
51.700804,-60.487928
51.629266,-60.417777
51.557640,-60.347720
51.485943,-60.277776
51.414179,-60.207956
51.342350,-60.138267
51.270434,-60.068695
51.198410,-59.999223
51.126295,-59.929871
51.054087,-59.860645
50.981785,-59.791548
50.909380,-59.722577
50.836857,-59.653724
50.764217,-59.584995
50.691459,-59.516394
50.618576,-59.447920
50.545563,-59.379571
50.472422,-59.311360
50.399145,-59.243281
50.325724,-59.175333
50.252147,-59.107511
50.178403,-59.039809
50.104513,-58.972257
50.030474,-58.904854
49.956270,-58.837590
49.881892,-58.770460
49.807334,-58.703458
49.732623,-58.636615
49.657762,-58.569934
49.582746,-58.503410
49.507570,-58.437036
49.432237,-58.370810
49.356762,-58.304746
49.281152,-58.238842
49.205413,-58.173098
49.129551,-58.107512
49.053569,-58.042078
48.977472,-57.976789
48.901275,-57.911648
48.824994,-57.846658
48.748643,-57.781823
48.672211,-57.717119
48.595694,-57.652537
48.519102,-57.588079
48.442444,-57.523751
48.365728,-57.459557
48.288938,-57.395481
48.212065,-57.331515
48.135111,-57.267664
48.058078,-57.203932
47.980967,-57.140323
47.903770,-57.076838
47.826477,-57.013472
47.749081,-56.950230
47.671579,-56.887115
47.593964,-56.824133
47.516231,-56.761292
47.438375,-56.698597
47.360385,-56.636053
47.282249,-56.573665
47.203957,-56.511435
47.125502,-56.449371
47.046895,-56.387491
46.968128,-56.325798
46.889193,-56.264295
46.810084,-56.202984
46.730795,-56.141867
46.651337,-56.080957
46.571712,-56.020258
46.491915,-55.959771
46.411947,-55.899495
46.331805,-55.839432
46.251492,-55.779582
46.171019,-55.719949
46.090388,-55.660532
46.009602,-55.601331
45.928664,-55.542344
45.847576,-55.483565
45.766342,-55.424990
45.684973,-55.366621
45.603473,-55.308456
45.521846,-55.250495
45.440092,-55.192737
45.358195,-55.135169
45.276173,-55.077798
45.194027,-55.020625
45.111757,-54.963652
45.029363,-54.906878
44.946838,-54.850300
44.864179,-54.793918
44.781396,-54.737736
44.698486,-54.681757
44.615447,-54.625983
44.532278,-54.570414
44.448974,-54.515051
44.365534,-54.459898
44.281958,-54.404958
44.198242,-54.350234
44.114382,-54.295728
44.030380,-54.241446
43.946235,-54.187391
43.861944,-54.133564
43.777504,-54.079966
43.692914,-54.026598
43.608175,-53.973461
43.523294,-53.920561
43.438271,-53.867898
43.353100,-53.815470
43.267777,-53.763275
43.182301,-53.711316
43.096679,-53.659597
43.010909,-53.608120
42.924991,-53.556886
42.838919,-53.505896
42.752692,-53.455150
42.666311,-53.404653
42.579776,-53.354409
42.493085,-53.304418
42.406238,-53.254685
42.319233,-53.205213
42.232069,-53.156006
42.144745,-53.107067
42.057259,-53.058402
41.969609,-53.010014
41.881795,-52.961911
41.793820,-52.914098
41.705679,-52.866581
41.617370,-52.819364
41.528890,-52.772451
41.440237,-52.725847
41.351417,-52.679559
41.262434,-52.633588
41.173283,-52.587935
41.083964,-52.542603
40.994476,-52.497592
40.904819,-52.452902
40.815000,-52.408536
40.725025,-52.364491
40.634892,-52.320765
40.544603,-52.277358
40.454157,-52.234267
40.363555,-52.191489
40.272796,-52.149016
40.181896,-52.106850
40.090855,-52.064985
39.999673,-52.023416
39.908351,-51.982140
39.816883,-51.941147
39.725265,-51.900426
39.633526,-51.859980
39.541669,-51.819804
39.449694,-51.779892
39.357604,-51.740240
39.265390,-51.700837
39.173048,-51.661675
39.080603,-51.622758
38.988064,-51.584083
38.895436,-51.545649
38.802724,-51.507452
38.709916,-51.469482
38.617017,-51.431737
38.524033,-51.394217
38.430969,-51.356922
38.337831,-51.319852
38.244624,-51.283006
38.151341,-51.246381
38.057991,-51.209980
37.964579,-51.173804
37.871093,-51.137852
37.777533,-51.102126
37.683906,-51.066629
37.590215,-51.031365
37.496467,-50.996339
37.402671,-50.961559
37.308814,-50.927023
37.214873,-50.892730
37.120856,-50.858687
37.026770,-50.824899
36.932619,-50.791371
36.838410,-50.758109
36.744136,-50.725115
36.649763,-50.692383
36.555304,-50.659920
36.460766,-50.627728
36.366156,-50.595812
36.271480,-50.564170
36.176733,-50.532801
36.081891,-50.501698
35.986967,-50.470859
35.891968,-50.440285
35.796904,-50.409972
35.701781,-50.379915
35.606588,-50.350106
35.511321,-50.320535
35.415986,-50.291195
35.320593,-50.262080
35.225150,-50.233181
35.129667,-50.204493
35.034128,-50.176003
34.938541,-50.147703
34.842907,-50.119583
34.747236,-50.091639
34.651538,-50.063865
34.555810,-50.036253
34.460054,-50.008800
34.364269,-49.981500
34.268453,-49.954349
34.172612,-49.927347
34.076752,-49.900495
33.980870,-49.873794
33.884970,-49.847249
33.789048,-49.820858
33.693093,-49.794625
33.597111,-49.768556
33.501103,-49.742660
33.405073,-49.716944
33.309024,-49.691418
33.212950,-49.666086
33.116835,-49.640951
33.020685,-49.616021
32.924506,-49.591305
32.828304,-49.566809
32.732085,-49.542544
32.635850,-49.518513
32.539572,-49.494715
32.443254,-49.471154
32.346902,-49.447836
32.250522,-49.424765
32.154120,-49.401944
32.057703,-49.379374
31.961242,-49.357048
31.864736,-49.334965
31.768190,-49.313122
31.671611,-49.291518
31.575002,-49.270149
31.478355,-49.249009
31.381665,-49.228093
31.284933,-49.207396
31.188162,-49.186915
31.091352,-49.166644
30.994494,-49.146576
30.897579,-49.126705
30.800603,-49.107025
30.703582,-49.087536
30.606518,-49.068233
30.509402,-49.049109
30.412226,-49.030157
30.314981,-49.011370
30.217658,-48.992739
30.120267,-48.974265
30.022830,-48.955948
29.925344,-48.937783
29.827797,-48.919766
29.730179,-48.901890
29.632479,-48.884151
29.534702,-48.866548
29.436891,-48.849089
29.339038,-48.831768
29.241136,-48.814581
29.143179,-48.797527
29.045161,-48.780601
28.947092,-48.763803
28.848997,-48.747139
28.750873,-48.730606
28.652718,-48.714202
28.554533,-48.697926
28.456299,-48.681775
28.358035,-48.665751
28.259758,-48.649859
28.161470,-48.634098
28.063177,-48.618469
27.964850,-48.602967
27.866490,-48.587589
27.768128,-48.572339
27.669772,-48.557218
27.571428,-48.542221
27.473055,-48.527340
27.374656,-48.512572
27.276247,-48.497916
27.177842,-48.483370
27.079437,-48.468930
26.981011,-48.454586
26.882565,-48.440336
26.784107,-48.426174
26.685649,-48.412097
26.587182,-48.398099
26.488702,-48.384172
26.390209,-48.370310
26.291705,-48.356507
26.193193,-48.342757
26.094674,-48.329053
25.996149,-48.315388
25.897620,-48.301754
25.799088,-48.288145
25.700555,-48.274553
25.602023,-48.260973
25.503496,-48.247396
25.404978,-48.233816
25.306473,-48.220227
25.207969,-48.206618
25.109477,-48.192985
25.011004,-48.179320
24.912558,-48.165617
24.814127,-48.151865
24.715703,-48.138056
24.617307,-48.124183
24.518954,-48.110240
24.420640,-48.096220
24.322335,-48.082108
24.224046,-48.067901
24.125795,-48.053597
24.027596,-48.039192
23.929413,-48.024673
23.831253,-48.010039
23.733121,-47.995284
23.635032,-47.980408
23.536969,-47.965401
23.438936,-47.950261
23.340939,-47.934987
23.242980,-47.919576
23.145048,-47.904023
23.047148,-47.888327
22.949285,-47.872488
22.851462,-47.856505
22.753676,-47.840376
22.655932,-47.824103
22.558234,-47.807686
22.460584,-47.791126
22.362979,-47.774422
22.265430,-47.757578
22.167944,-47.740599
22.070503,-47.723484
21.973101,-47.706236
21.875751,-47.688864
21.778464,-47.671375
21.681211,-47.653770
21.583996,-47.636056
21.486826,-47.618238
21.389694,-47.600315
21.292575,-47.582280
21.195470,-47.564128
21.098393,-47.545856
21.001332,-47.527449
20.904278,-47.508892
20.807218,-47.490169
20.710149,-47.471261
20.613101,-47.452151
20.516059,-47.432815
20.419002,-47.413223
20.321966,-47.393369
20.224936,-47.373230
20.127944,-47.352797
20.030996,-47.332059
19.934107,-47.311014
19.837270,-47.289654
19.740489,-47.267973
19.643793,-47.245975
19.547184,-47.223657
19.450664,-47.201024
19.354240,-47.178079
19.257904,-47.154821
19.161672,-47.131260
19.065557,-47.107409
18.969558,-47.083273
18.873646,-47.058844
18.777834,-47.034131
18.682133,-47.009144
18.586519,-46.983875
18.490987,-46.958329
18.395544,-46.932509
18.300185,-46.906419
18.204893,-46.880054
18.109667,-46.853417
18.014503,-46.826509
17.919405,-46.799329
17.824368,-46.771877
17.729389,-46.744155
17.634458,-46.716159
17.539590,-46.687894
17.444802,-46.659364
17.350079,-46.630565
17.255413,-46.601494
17.160817,-46.572155
17.066322,-46.542549
16.971914,-46.512665
16.877605,-46.482503
16.783397,-46.452051
16.689310,-46.421297
16.595362,-46.390236
16.501550,-46.358851
16.407860,-46.327118
16.314339,-46.295034
16.220982,-46.262577
16.127790,-46.229725
16.034778,-46.196465
15.941961,-46.162775
15.849349,-46.128638
15.756949,-46.094036
15.664771,-46.058957
15.572830,-46.023393
15.481128,-45.987334
15.389667,-45.950775
15.298454,-45.913718
15.207493,-45.876157
15.116780,-45.838098
15.026306,-45.799545
14.936066,-45.760499
14.846075,-45.720976
14.756310,-45.680961
14.666765,-45.640444
14.577483,-45.599419
14.488460,-45.557853
14.399722,-45.515731
14.311282,-45.473004
14.223209,-45.429651
14.135536,-45.385624
14.048299,-45.340883
13.961543,-45.295405
13.875291,-45.249172
13.789557,-45.202176
13.704347,-45.154435
13.619635,-45.105944
13.535439,-45.056764
13.451727,-45.006908
13.368446,-44.956409
13.285597,-44.905310
13.203166,-44.853622
13.121165,-44.801391
13.039569,-44.748620
12.958383,-44.695319
12.877619,-44.641499
12.797294,-44.587171
12.717406,-44.532314
12.637983,-44.476931
12.559048,-44.421016
12.480616,-44.364516
12.402719,-44.307426
12.325358,-44.249683
12.248563,-44.191262
12.172395,-44.132142
12.096868,-44.072279
12.022003,-44.011644
11.947850,-43.950220
11.874440,-43.887982
11.801802,-43.824933
11.729961,-43.761048
11.658966,-43.696340
11.588835,-43.630794
11.519595,-43.564407
11.451283,-43.497183
11.383922,-43.429117
11.317530,-43.360210
11.252125,-43.290453
11.187715,-43.219850
11.124298,-43.148394
11.061878,-43.076082
11.000454,-43.002938
10.940003,-42.928940
10.880518,-42.854116
10.821991,-42.778480
10.764384,-42.702011
10.707694,-42.624777
10.651930,-42.546796
10.597067,-42.468069
10.543115,-42.388646
10.490091,-42.308557
10.437986,-42.227817
10.386821,-42.146452
10.336613,-42.064498
10.287375,-41.981985
10.239136,-41.898914
10.191920,-41.815331
10.145747,-41.731252
10.100629,-41.646660
10.056576,-41.561577
10.013596,-41.476001
9.971690,-41.389925
9.930850,-41.303346
9.891073,-41.216262
9.852342,-41.128653
9.814635,-41.040507
9.777949,-40.951825
9.742266,-40.862582
9.707594,-40.772795
9.673929,-40.682472
9.641266,-40.591622
9.609621,-40.500272
9.578980,-40.408446
9.549365,-40.316193
9.520767,-40.223544
9.493191,-40.130575
9.466646,-40.037316
9.441131,-39.943811
9.416659,-39.850100
9.393241,-39.756197
9.370883,-39.662106
9.349612,-39.567853
9.329419,-39.473392
9.310334,-39.378738
9.292348,-39.283859
9.275451,-39.188720
9.259645,-39.093349
9.244904,-38.997712
9.231225,-38.901813
9.218604,-38.805661
9.207033,-38.709275
9.196506,-38.612628
9.187030,-38.515779
9.178601,-38.418727
9.171222,-38.321479
9.164925,-38.224109
9.159715,-38.126579
9.155616,-38.028955
9.152634,-37.931234
9.150775,-37.833438
9.150033,-37.735600
9.150409,-37.637710
9.151872,-37.539830
9.154432,-37.441951
9.158051,-37.344117
9.162739,-37.246341
9.168481,-37.148637
9.175270,-37.051038
9.183118,-36.953544
9.192003,-36.856206
9.201933,-36.759032
9.212909,-36.662038
9.224912,-36.565267
9.237943,-36.468720
9.251995,-36.372420
9.267059,-36.276387
9.283124,-36.180608
9.300190,-36.085107
9.318243,-35.989867
9.337267,-35.894892
9.357263,-35.800184
9.378198,-35.705691
9.400061,-35.611420
9.422861,-35.517359
9.446590,-35.423489
9.471259,-35.329818
9.496886,-35.236352
9.523495,-35.143110
9.551101,-35.050118
9.579739,-34.957386
9.609440,-34.864975
9.640191,-34.772922
9.672020,-34.681239
9.704922,-34.589992
9.738872,-34.499206
9.773887,-34.408894
9.809964,-34.319079
9.847083,-34.229783
9.885264,-34.141006
9.924524,-34.052751
9.964853,-33.965031
10.006268,-33.877825
10.048773,-33.791124
10.092354,-33.704917
10.137003,-33.619188
10.182712,-33.533922
10.229456,-33.449118
10.277207,-33.364764
10.325937,-33.280853
10.375613,-33.197381
10.426180,-33.114337
10.477599,-33.031737
10.529842,-32.949576
10.582878,-32.867858
10.636684,-32.786603
10.691256,-32.705815
10.746594,-32.625503
10.802694,-32.545692
10.859572,-32.466396
10.917249,-32.387629
10.975743,-32.309417
11.035076,-32.231745
11.095252,-32.154628
11.156269,-32.078075
11.218150,-32.002077
11.280884,-31.926626
11.344446,-31.851760
11.408834,-31.777447
11.474043,-31.703684
11.540032,-31.630487
11.606777,-31.557844
11.674263,-31.485783
11.742468,-31.414295
11.811363,-31.343405
11.880920,-31.273127
11.951140,-31.203456
12.022023,-31.134416
12.093540,-31.065986
12.165678,-30.998190
12.238476,-30.930958
12.311883,-30.864314
12.385848,-30.798257
12.460373,-30.732756
12.535440,-30.667813
12.611001,-30.603399
12.687017,-30.539521
12.763472,-30.476166
12.840371,-30.413305
12.917681,-30.350952
12.995398,-30.289102
13.073523,-30.227751
13.152057,-30.166908
13.231016,-30.106575
13.310410,-30.046763
13.390251,-29.987483
13.470542,-29.928772
13.551348,-29.870619
13.632674,-29.813033
13.714503,-29.756045
13.796831,-29.699652
13.879657,-29.643842
13.962946,-29.588613
14.046655,-29.533953
14.130750,-29.479830
14.215175,-29.426222
14.299874,-29.373099
14.384831,-29.320402
14.469984,-29.268128
14.555323,-29.216248
14.640865,-29.164725
14.726587,-29.113568
14.812472,-29.062780
14.898554,-29.012346
14.984840,-28.962282
15.071328,-28.912612
15.158035,-28.863343
15.244984,-28.814503
15.332203,-28.766118
15.419701,-28.718208
15.507470,-28.670805
15.595532,-28.623931
15.683920,-28.577601
15.772637,-28.531831
15.861644,-28.486648
15.950954,-28.442063
16.040594,-28.398070
16.130571,-28.354673
16.220829,-28.311886
16.311371,-28.269700
16.402204,-28.228107
16.493325,-28.187098
16.584724,-28.146667
16.676379,-28.106799
16.768289,-28.067479
16.860455,-28.028691
16.952871,-27.990418
17.045523,-27.952645
17.138406,-27.915347
17.231518,-27.878498
17.324835,-27.842089
17.418357,-27.806092
17.512091,-27.770477
17.606021,-27.735231
17.700121,-27.700345
17.794392,-27.665797
17.888824,-27.631573
17.983387,-27.597675
18.078071,-27.564094
18.172859,-27.530827
18.267741,-27.497870
18.362692,-27.465230
18.457701,-27.432916
18.552793,-27.400916
18.647939,-27.369247
18.743098,-27.337937
18.838295,-27.306986
18.933581,-27.276385
19.028927,-27.246157
19.124309,-27.216324
19.219762,-27.186876
19.315318,-27.157814
19.410971,-27.129149
19.506711,-27.100891
19.602551,-27.073038
19.698502,-27.045589
19.794579,-27.018545
19.890784,-26.991905
19.987105,-26.965672
20.083550,-26.939840
20.180140,-26.914400
20.276885,-26.889341
20.373745,-26.864675
20.470723,-26.840391
20.567831,-26.816478
20.665066,-26.792929
20.762407,-26.769747
20.859857,-26.746928
20.957413,-26.724468
21.055071,-26.702366
21.152825,-26.680624
21.250673,-26.659244
21.348607,-26.638229
21.446628,-26.617580
21.544732,-26.597303
21.642912,-26.577402
21.741168,-26.557881
21.839497,-26.538737
21.937891,-26.519975
22.036339,-26.501602
22.134849,-26.483614
22.233420,-26.466005
22.332022,-26.448776
22.430635,-26.431925
22.529266,-26.415440
22.627927,-26.399305
22.726588,-26.383514
22.825219,-26.368059
22.923816,-26.352925
23.022404,-26.338092
23.120976,-26.323553
23.219513,-26.309302
23.317987,-26.295332
23.416427,-26.281626
23.514828,-26.268177
23.613210,-26.254979
23.711542,-26.242026
23.809808,-26.229314
23.908023,-26.216835
24.006244,-26.204592
24.104454,-26.192589
24.202643,-26.180834
24.300820,-26.169335
24.399025,-26.158105
24.497260,-26.147160
24.595532,-26.136519
24.693848,-26.126200
24.792216,-26.116224
24.890652,-26.106610
24.989180,-26.097379
25.087781,-26.088547
25.186457,-26.080132
25.285217,-26.072150
25.384075,-26.064613
25.483001,-26.057528
25.581992,-26.050899
25.681056,-26.044729
25.780177,-26.039027
25.879348,-26.033789
25.978565,-26.029010
26.077830,-26.024684
26.177129,-26.020806
26.276445,-26.017369
26.375782,-26.014363
26.475135,-26.011775
26.574495,-26.009596
26.673833,-26.007821
26.773173,-26.006447
26.872509,-26.005468
26.971834,-26.004876
27.071143,-26.004671
27.170446,-26.004854
27.269741,-26.005425
27.369028,-26.006383
27.468310,-26.007731
27.567584,-26.009475
27.666853,-26.011619
27.766122,-26.014169
27.865392,-26.017133
27.964657,-26.020516
28.063924,-26.024327
28.163199,-26.028570
28.262467,-26.033245
28.361717,-26.038352
28.460950,-26.043892
28.560159,-26.049863
28.659336,-26.056264
28.758475,-26.063089
28.857570,-26.070332
28.956605,-26.077987
29.055584,-26.086050
29.154495,-26.094514
29.253334,-26.103367
29.352074,-26.112595
29.450738,-26.122200
29.549308,-26.132171
29.647772,-26.142498
29.746132,-26.153177
29.844429,-26.164221
29.942648,-26.175630
30.040780,-26.187404
30.138844,-26.199557
30.236850,-26.212101
30.334803,-26.225046
30.432711,-26.238406
30.530564,-26.252198
30.628368,-26.266440
30.726151,-26.281155
30.823896,-26.296352
30.921612,-26.312050
31.019277,-26.328275
31.116904,-26.345042
31.214492,-26.362358
31.312055,-26.380242
31.409544,-26.398712
31.506947,-26.417767
31.604269,-26.437414
31.701514,-26.457661
31.798660,-26.478516
31.895679,-26.499966
31.992570,-26.522010
32.089336,-26.544646
32.185972,-26.567869
32.282444,-26.591659
32.378734,-26.616003
32.474868,-26.640891
32.570850,-26.666309
32.666654,-26.692237
32.762266,-26.718664
32.857723,-26.745577
32.953033,-26.772967
33.048192,-26.800819
33.143197,-26.829121
33.238056,-26.857859
33.332778,-26.887020
33.427380,-26.916598
33.521862,-26.946577
33.616223,-26.976946
33.710457,-27.007694
33.804594,-27.038827
33.898641,-27.070340
33.992590,-27.102229
34.086408,-27.134490
34.180121,-27.167135
34.273727,-27.200168
34.367208,-27.233593
34.460538,-27.267414
34.553724,-27.301652
34.646751,-27.336318
34.739596,-27.371424
34.832247,-27.406991
34.924695,-27.443040
35.016923,-27.479584
35.108924,-27.516633
35.200696,-27.554200
35.292231,-27.592293
35.383526,-27.630917
35.474592,-27.670075
35.565433,-27.709760
35.656066,-27.749976
35.746512,-27.790725
35.836761,-27.831981
35.926827,-27.873733
36.016747,-27.915981
36.106560,-27.958724
36.196217,-28.001917
36.285726,-28.045551
36.375119,-28.089628
36.464427,-28.134153
36.553594,-28.179096
36.642621,-28.224449
36.731529,-28.270216
36.820324,-28.316397
36.908953,-28.362974
36.997416,-28.409944
37.085714,-28.457306
37.173818,-28.505052
37.261705,-28.553174
37.349378,-28.601685
37.436814,-28.650579
37.523990,-28.699851
37.610877,-28.749490
37.697476,-28.799513
37.783805,-28.849929
37.869842,-28.900732
37.955564,-28.951911
38.040982,-29.003480
38.126114,-29.055447
38.210945,-29.107806
38.295462,-29.160552
38.379686,-29.213689
38.463622,-29.267219
38.547267,-29.321136
38.630620,-29.375436
38.713701,-29.430115
38.796512,-29.485167
38.879055,-29.540589
38.961337,-29.596382
39.043370,-29.652541
39.125149,-29.709056
39.206680,-29.765932
39.287972,-29.823176
39.369032,-29.880786
39.449847,-29.938749
39.530426,-29.997075
39.610779,-30.055774
39.690917,-30.114859
39.770811,-30.174304
39.850472,-30.234122
39.929912,-30.294329
40.009130,-30.354936
40.088121,-30.415944
40.166872,-30.477340
40.245392,-30.539133
40.323668,-30.601320
40.401711,-30.663908
40.479521,-30.726885
40.557094,-30.790242
40.634417,-30.853963
40.711499,-30.918041
40.788352,-30.982467
40.864982,-31.047228
40.941380,-31.112299
41.017557,-31.177661
41.093525,-31.243292
41.169280,-31.309157
41.244837,-31.375248
41.320205,-31.441548
41.395380,-31.508033
41.470349,-31.574677
41.545101,-31.641460
41.619667,-31.708414
41.694040,-31.775531
41.768216,-31.842811
41.842173,-31.910244
41.915898,-31.977836
41.989413,-32.045622
42.062708,-32.113613
42.135754,-32.181810
42.208524,-32.250213
42.281057,-32.318864
42.353355,-32.387775
42.425409,-32.456951
42.497218,-32.526397
42.568793,-32.596114
42.640146,-32.666106
42.711288,-32.736377
42.782232,-32.806930
42.852991,-32.877759
42.923555,-32.948827
42.993946,-33.020133
43.064190,-33.091670
43.134315,-33.163433
43.204316,-33.235382
43.274211,-33.307487
43.344034,-33.379740
43.413816,-33.452129
43.483558,-33.524617
43.553271,-33.597175
43.622969,-33.669778
43.692679,-33.742413
43.762408,-33.815056
43.832176,-33.887689
43.901991,-33.960292
43.971855,-34.032842
44.041781,-34.105330
44.111774,-34.177743
44.181834,-34.250068
44.251958,-34.322294
44.322155,-34.394425
44.392421,-34.466454
44.462744,-34.538368
44.533112,-34.610153
44.603534,-34.681819
44.674026,-34.753381
44.744569,-34.824824
44.815144,-34.896133
44.885743,-34.967305
44.956371,-35.038354
45.027047,-35.109300
45.097741,-35.180125
45.168423,-35.250811
45.239103,-35.321381
45.309780,-35.391841
45.380471,-35.462218
45.451149,-35.532495
45.521809,-35.602677
45.592460,-35.672782
45.663125,-35.742837
45.733797,-35.812844
45.804468,-35.882800
45.875148,-35.952718
45.945849,-36.022614
46.016575,-36.092494
46.087337,-36.162368
46.158146,-36.232248
46.229000,-36.302130
46.299894,-36.372005
46.370851,-36.441892
46.441893,-36.511805
46.513043,-36.581760
46.584247,-36.651693
46.655522,-36.721611
46.726896,-36.791527
46.798395,-36.861453
46.870027,-36.931384
46.941743,-37.001254
47.013563,-37.071066
47.085507,-37.140825
47.157596,-37.210532
47.229818,-37.280158
47.302160,-37.349673
47.374635,-37.419071
47.447256,-37.488345
47.520032,-37.557483
47.592965,-37.626471
47.666049,-37.695285
47.739283,-37.763909
47.812667,-37.832329
47.886217,-37.900552
47.959934,-37.968571
48.033807,-38.036368
48.107825,-38.103929
48.181982,-38.171249
48.256299,-38.238353
48.330764,-38.305235
48.405378,-38.371898
48.480122,-38.438334
48.554989,-38.504549
48.629974,-38.570556
48.705059,-38.636355
48.780260,-38.701972
48.855548,-38.767404
48.930902,-38.832658
49.006303,-38.897745
49.081741,-38.962681
49.157237,-39.027502
49.232761,-39.092209
49.308292,-39.156805
49.383819,-39.221299
49.459372,-39.285730
49.534945,-39.350104
49.610527,-39.414418
49.686109,-39.478669
49.761712,-39.542874
49.837348,-39.607038
49.913025,-39.671160
49.988751,-39.735235
50.064544,-39.799261
50.140404,-39.863219
50.216355,-39.927106
50.292420,-39.990921
50.368614,-40.054655
50.444946,-40.118298
50.521399,-40.181815
50.597997,-40.245206
50.674763,-40.308472
50.751716,-40.371613
50.828851,-40.434608
50.906145,-40.497420
50.983614,-40.560051
51.061271,-40.622500
51.139125,-40.684768
51.217145,-40.746818
51.295333,-40.808647
51.373696,-40.870255
51.452231,-40.931637
51.530933,-40.992781
51.609796,-41.053678
51.688825,-41.114320
51.768007,-41.174690
51.847347,-41.234786
51.926853,-41.294606
52.006526,-41.354138
52.086351,-41.413359
52.166317,-41.472249
52.246470,-41.530841
52.326815,-41.589124
52.407341,-41.647077
52.488039,-41.704679
52.568918,-41.761925
52.650012,-41.818831
52.731312,-41.875381
52.812811,-41.931562
52.894502,-41.987365
52.976400,-42.042796
53.058513,-42.097865
53.140833,-42.152566
53.223354,-42.206899
53.306068,-42.260864
53.388976,-42.314472
53.472086,-42.367735
53.555388,-42.420659
53.638877,-42.473248
53.722552,-42.525509
53.806416,-42.577452
53.890463,-42.629076
53.974693,-42.680385
54.059112,-42.731380
54.143729,-42.782062
54.228542,-42.832426
54.313541,-42.882452
54.398739,-42.932139
54.484150,-42.981481
54.569790,-43.030470
54.655669,-43.079093
54.741764,-43.127310
54.828099,-43.175108
54.914700,-43.222477
55.001593,-43.269405
55.088775,-43.315861
55.176215,-43.361799
55.263940,-43.407214
55.351961,-43.452099
55.440283,-43.496450
55.528866,-43.540224
55.617729,-43.583417
55.706862,-43.626031
55.796250,-43.668066
55.885890,-43.709514
55.975773,-43.750375
56.065867,-43.790656
56.156131,-43.830365
56.246624,-43.869528
56.337302,-43.908147
56.428132,-43.946230
56.519143,-43.983787
56.610347,-44.020829
56.701747,-44.057356
56.793346,-44.093363
56.885158,-44.128840
56.977215,-44.163779
57.069508,-44.198166
57.162039,-44.231981
57.254856,-44.265209
57.347966,-44.297832
57.441290,-44.329831
57.534856,-44.361191
57.628682,-44.391900
57.722740,-44.421940
57.816999,-44.451294
57.911465,-44.479952
58.006134,-44.507901
58.101003,-44.535132
58.196046,-44.561627
58.291245,-44.587380
58.386574,-44.612385
58.482068,-44.636631
58.577687,-44.660101
58.673394,-44.682793
58.769180,-44.704701
58.865113,-44.725807
58.961152,-44.746100
59.057277,-44.765579
59.153527,-44.784233
59.249901,-44.802058
59.346388,-44.819046
59.442983,-44.835196
59.539697,-44.850506
59.636557,-44.864971
59.733533,-44.878593
59.830608,-44.891379
59.927803,-44.903324
60.025128,-44.914423
60.122511,-44.924691
60.219957,-44.934121
60.317468,-44.942706
60.415036,-44.950442
60.512637,-44.957327
60.610262,-44.963351
60.707897,-44.968506
60.805546,-44.972785
60.903199,-44.976184
61.000830,-44.978699
61.098412,-44.980329
61.195977,-44.981059
61.293511,-44.980887
61.390989,-44.979820
61.488404,-44.977855
61.585779,-44.974987
61.683094,-44.971227
61.780330,-44.966587
61.877512,-44.961068
61.974624,-44.954685
62.071658,-44.947456
62.168624,-44.939395
62.265528,-44.930515
62.362357,-44.920830
62.459119,-44.910351
62.555819,-44.899083
62.652444,-44.887031
62.748972,-44.874184
62.845419,-44.860533
62.941779,-44.846071
63.038021,-44.830774
63.134138,-44.814605
63.230124,-44.797542
63.325984,-44.779553
63.421639,-44.760564
63.517078,-44.740551
63.612302,-44.719480
63.707261,-44.697310
63.801926,-44.674021
63.896278,-44.649607
63.990302,-44.624067
64.083988,-44.597397
64.177289,-44.569627
64.270229,-44.540777
64.362835,-44.510860
64.455029,-44.479931
64.546812,-44.448011
64.638270,-44.415113
64.729355,-44.381265
64.820032,-44.346482
64.910318,-44.310767
65.000221,-44.274122
65.089715,-44.236546
65.178770,-44.198040
65.267357,-44.158596
65.355463,-44.118183
65.443048,-44.076800
65.530087,-44.034438
65.616525,-43.991050
65.702340,-43.946637
65.787533,-43.901198
65.872092,-43.854714
65.955924,-43.807204
66.039038,-43.758676
66.121444,-43.709139
66.203105,-43.658614
66.284024,-43.607123
66.364208,-43.554693
66.443677,-43.501332
66.522423,-43.447064
66.600417,-43.391915
66.677686,-43.335876
66.754243,-43.278953
66.830053,-43.221165
66.905102,-43.162508
66.979452,-43.102964
67.053073,-43.042554
67.125954,-42.981266
67.198092,-42.919087
67.269481,-42.856045
67.340115,-42.792131
67.409994,-42.727340
67.479100,-42.661695
67.547428,-42.595209
67.614986,-42.527888
67.681787,-42.459736
67.747789,-42.390778
67.812989,-42.321033
67.877394,-42.250518
67.941003,-42.179219
68.003774,-42.107172
68.065707,-42.034406
68.126810,-41.960891
68.187046,-41.886635
68.246396,-41.811657
68.304857,-41.735928
68.362398,-41.659436
68.418988,-41.582187
68.474606,-41.504155
68.529227,-41.425329
68.582825,-41.345705
68.635380,-41.265282
68.686870,-41.184056
68.737266,-41.102035
68.786561,-41.019254
68.834742,-40.935727
68.881783,-40.851492
68.927689,-40.766582
68.972463,-40.681036
69.016083,-40.594911
69.058560,-40.508241
69.099884,-40.421076
69.140034,-40.333458
69.178995,-40.245411
69.216760,-40.156963
69.253310,-40.068125
69.288621,-39.978909
69.322699,-39.889300
69.355527,-39.799302
69.387074,-39.708917
69.417375,-39.618095
69.446438,-39.526849
69.474271,-39.435167
69.500917,-39.343025
69.526411,-39.250449
69.550770,-39.157434
69.574014,-39.063992
69.596166,-38.970161
69.617250,-38.875948
69.637283,-38.781378
69.656273,-38.686510
69.674251,-38.591364
69.691239,-38.495969
69.707216,-38.400401
69.722187,-38.304687
69.736149,-38.208857
69.749082,-38.112951
69.760976,-38.016988
69.771815,-37.920981
69.781584,-37.824953
69.790259,-37.728911
69.797811,-37.632850
69.804222,-37.536778
69.809466,-37.440699
69.813525,-37.344595
69.816402,-37.248467
69.818092,-37.152329
69.818592,-37.056170
69.817908,-36.959984
69.816042,-36.863808
69.812991,-36.767645
69.808763,-36.671484
69.803360,-36.575369
69.796778,-36.479322
69.789031,-36.383326
69.780112,-36.287409
69.770015,-36.191598
69.758737,-36.095895
69.746272,-36.000309
69.732611,-35.904858
69.717748,-35.809555
69.701679,-35.714411
69.684407,-35.619427
69.665938,-35.524596
69.646267,-35.429952
69.625408,-35.335484
69.603375,-35.241165
69.580175,-35.147029
69.555827,-35.053088
69.530356,-34.959315
69.503785,-34.865733
69.476147,-34.772356
69.447478,-34.679174
69.417800,-34.586196
69.387144,-34.493435
69.355542,-34.400902
69.323017,-34.308601
69.289593,-34.216550
69.255289,-34.124763
69.220124,-34.033228
69.184113,-33.941963
69.147261,-33.850971
69.109574,-33.760255
69.071067,-33.669837
69.031739,-33.579721
68.991595,-33.489907
68.950665,-33.400407
68.908971,-33.311228
68.866529,-33.222368
68.823357,-33.133815
68.779491,-33.045590
68.734942,-32.957692
68.689722,-32.870111
68.643847,-32.782845
68.597329,-32.695899
68.550173,-32.609270
68.502378,-32.522928
68.453951,-32.436888
68.404889,-32.351148
68.355187,-32.265669
68.304852,-32.180455
68.253899,-32.095508
68.202336,-32.010795
68.150181,-31.926314
68.097455,-31.842060
68.044183,-31.758021
67.990392,-31.674191
67.936111,-31.590561
67.881375,-31.507126
67.826223,-31.423879
67.770687,-31.340812
67.714795,-31.257924
67.658573,-31.175217
67.602045,-31.092694
67.545226,-31.010343
67.488132,-30.928170
67.430776,-30.846180
67.373160,-30.764362
67.315292,-30.682723
67.257179,-30.601277
67.198811,-30.520014
67.140185,-30.438933
67.081310,-30.358050
67.022191,-30.277366
66.962820,-30.196851
66.903213,-30.116513
66.843389,-30.036357
66.783354,-29.956358
66.723117,-29.876500
66.662700,-29.796776
66.602122,-29.717174
66.541401,-29.637674
66.480559,-29.558257
66.419622,-29.478906
66.358611,-29.399600
66.297549,-29.320327
66.236451,-29.241069
66.175331,-29.161809
66.114198,-29.082533
66.053070,-29.003242
65.991948,-28.923922
65.930835,-28.844565
65.869734,-28.765171
65.808646,-28.685746
65.747568,-28.606293
65.686490,-28.526813
65.625400,-28.447311
65.564295,-28.367799
65.503174,-28.288288
65.442031,-28.208777
65.380867,-28.129269
65.319690,-28.049768
65.258507,-27.970275
65.197327,-27.890788
65.136161,-27.811298
65.075023,-27.731798
65.013935,-27.652282
64.952918,-27.572740
64.891985,-27.493145
64.831162,-27.413490
64.770473,-27.333772
64.709914,-27.253963
64.649494,-27.174057
64.589223,-27.094055
64.529106,-27.013956
64.469125,-26.933743
64.409284,-26.853428
64.349582,-26.773019
64.290003,-26.692517
64.230531,-26.611925
64.171159,-26.531265
64.111872,-26.450554
64.052646,-26.369803
63.993467,-26.289026
63.934321,-26.208238
63.875196,-26.127455
63.816080,-26.046680
63.756967,-25.965928
63.697844,-25.885200
63.638710,-25.804503
63.579561,-25.723843
63.520401,-25.643232
63.461218,-25.562653
63.402018,-25.482112
63.342807,-25.401608
63.283596,-25.321139
63.224382,-25.240680
63.165175,-25.160221
63.105983,-25.079751
63.046816,-24.999258
62.987684,-24.918731
62.928593,-24.838151
62.869546,-24.757497
62.810564,-24.676769
62.751654,-24.595953
62.692824,-24.515028
62.634072,-24.433964
62.575426,-24.352782
62.516891,-24.271473
62.458470,-24.190027
62.400153,-24.108426
62.341953,-24.026691
62.283875,-23.944835
62.225916,-23.862863
62.168067,-23.780766
62.110320,-23.698556
62.052683,-23.616258
61.995144,-23.533881
61.937691,-23.451428
61.880312,-23.368909
61.822997,-23.286344
61.765734,-23.203748
61.708511,-23.121139
61.651311,-23.038532
61.594113,-22.955929
61.536908,-22.873348
61.479687,-22.790806
61.422437,-22.708306
61.365140,-22.625845
61.307792,-22.543437
61.250389,-22.461089
61.192923,-22.378801
61.135386,-22.296572
61.077778,-22.214406
61.020098,-22.132306
60.962344,-22.050269
60.904517,-21.968292
60.846621,-21.886375
60.788658,-21.804512
60.730634,-21.722697
60.672554,-21.640929
60.614425,-21.559206
60.556253,-21.477522
60.498039,-21.395870
60.439788,-21.314249
60.381506,-21.232656
60.323198,-21.151090
60.264865,-21.069546
60.206512,-20.988019
60.148141,-20.906509
60.089758,-20.825015
60.031362,-20.743533
59.972957,-20.662060
59.914546,-20.580597
59.856132,-20.499142
59.797712,-20.417687
59.739290,-20.336230
59.680867,-20.254769
59.622442,-20.173297
59.564014,-20.091808
59.505584,-20.010298
59.447156,-19.928768
59.388724,-19.847207
59.330291,-19.765613
59.271849,-19.683973
59.213405,-19.602292
59.154956,-19.520562
59.096510,-19.438792
59.038057,-19.356962
58.979581,-19.275055
58.921107,-19.193105
58.862637,-19.111125
58.804158,-19.029104
58.745657,-18.947037
58.687118,-18.864919
58.628572,-18.782807
58.570011,-18.700709
58.511429,-18.618638
58.452803,-18.536585
58.394122,-18.454557
58.335398,-18.372596
58.276636,-18.290736
58.217805,-18.208953
58.158899,-18.127255
58.099925,-18.045665
58.040885,-17.964200
57.981761,-17.882831
57.922553,-17.801558
57.863276,-17.720399
57.803947,-17.639370
57.744571,-17.558466
57.685121,-17.477635
57.625622,-17.396894
57.566100,-17.316256
57.506579,-17.235735
57.447063,-17.155307
57.387529,-17.074909
57.328002,-16.994543
57.268506,-16.914211
57.209061,-16.833907
57.149665,-16.753600
57.090318,-16.673265
57.031035,-16.592894
56.971825,-16.512479
56.912695,-16.432010
56.853648,-16.351472
56.794686,-16.270852
56.735807,-16.190134
56.677006,-16.109300
56.618303,-16.028369
56.559696,-15.947336
56.501175,-15.866185
56.442729,-15.784900
56.384353,-15.703484
56.326074,-15.621985
56.267876,-15.540393
56.209747,-15.458703
56.151672,-15.376908
56.093653,-15.295024
56.035699,-15.213081
55.977799,-15.131077
55.919939,-15.049011
55.862108,-14.966883
55.804301,-14.884701
55.746522,-14.802493
55.688762,-14.720260
55.631009,-14.638006
55.573251,-14.555734
55.515476,-14.473446
55.457691,-14.391167
55.399886,-14.308903
55.342052,-14.226655
55.284181,-14.144427
55.226269,-14.062224
55.168318,-13.980061
55.110325,-13.897945
55.052283,-13.815870
54.994192,-13.733846
54.936056,-13.651883
54.877879,-13.569990
54.819652,-13.488157
54.761373,-13.406383
54.703051,-13.324678
54.644696,-13.243057
54.586319,-13.161531
54.527893,-13.080061
54.469427,-12.998653
54.410936,-12.917321
54.352435,-12.836081
54.293939,-12.754945
54.235410,-12.673855
54.176850,-12.592811
54.118268,-12.511818
54.059669,-12.430881
54.001059,-12.350004
53.942424,-12.269163
53.883757,-12.188347
53.825059,-12.107553
53.766326,-12.026777
53.707557,-11.946011
53.648751,-11.865256
53.589911,-11.784514
53.531029,-11.703773
53.472096,-11.623019
53.413099,-11.542237
53.354034,-11.461421
53.294930,-11.380611
53.235770,-11.299788
53.176537,-11.218928
53.117213,-11.138014
53.057794,-11.057042
52.998321,-10.976077
52.938788,-10.895114
52.879179,-10.814142
52.819481,-10.733149
52.759700,-10.652157
52.699842,-10.571182
52.639914,-10.490245
52.579908,-10.409346
52.519815,-10.328487
52.459632,-10.247676
52.399353,-10.166921
52.338988,-10.086248
52.278543,-10.005681
52.217995,-9.925200
52.157335,-9.844809
52.096564,-9.764523
52.035682,-9.684357
51.974700,-9.604334
51.913586,-9.524414
51.852342,-9.444608
51.790969,-9.364924
51.729470,-9.285374
51.667842,-9.205952
51.606076,-9.126644
51.544178,-9.047458
51.482153,-8.968399
51.420006,-8.889474
51.357741,-8.810683
51.295347,-8.732001
51.232829,-8.653433
51.170196,-8.574981
51.107458,-8.496650
51.044624,-8.418443
50.981691,-8.340343
50.918662,-8.262349
50.855535,-8.184451
50.792321,-8.106653
50.729028,-8.028961
50.665662,-7.951371
50.602229,-7.873885
50.538725,-7.796490
50.475142,-7.719174
50.411488,-7.641939
50.347770,-7.564786
50.283998,-7.487718
50.220176,-7.410736
50.156288,-7.333815
50.092335,-7.256949
50.028324,-7.180137
49.964266,-7.103389
49.900168,-7.026704
49.836025,-6.950068
49.771827,-6.873464
49.707581,-6.796889
49.643298,-6.720349
49.578992,-6.643849
49.514666,-6.567385
49.450315,-6.490934
49.385945,-6.414494
49.321565,-6.338065
49.257186,-6.261648
49.192814,-6.185241
49.128446,-6.108835
49.064085,-6.032427
48.999732,-5.956015
48.935388,-5.879596
48.871051,-5.803169
48.806727,-5.726741
48.742414,-5.650314
48.678112,-5.573890
48.613804,-5.497456
48.549486,-5.421012
48.485163,-5.344575
48.420837,-5.268155
48.356501,-5.191755
48.292136,-5.115362
48.227726,-5.038965
48.163271,-4.962580
48.098785,-4.886233
48.034261,-4.809925
47.969690,-4.733654
47.905052,-4.657401
47.840344,-4.581168
47.775587,-4.504983
47.710787,-4.428854
47.645944,-4.352782
47.581051,-4.276757
47.516101,-4.200769
47.451101,-4.124824
47.386065,-4.048932
47.321001,-3.973097
47.255915,-3.897322
47.190800,-3.821587
47.125660,-3.745892
47.060502,-3.670237
46.995329,-3.594619
46.930151,-3.519041
46.864978,-3.443506
46.799807,-3.368002
46.734650,-3.292533
46.669493,-3.217079
46.604340,-3.141634
46.539196,-3.066198
46.474067,-2.990772
46.408960,-2.915355
46.343872,-2.839939
46.278792,-2.764508
46.213721,-2.689056
46.148659,-2.613578
46.083609,-2.538074
46.018579,-2.462548
45.953564,-2.386992
45.888559,-2.311397
45.823558,-2.235753
45.758554,-2.160049
45.693551,-2.084291
45.628564,-2.008492
45.563592,-1.932651
45.498623,-1.856756
45.433649,-1.780799
45.368658,-1.704768
45.303666,-1.628682
45.238691,-1.552565
45.173725,-1.476412
45.108759,-1.400218
45.043787,-1.323978
44.978810,-1.247702
44.913837,-1.171405
44.848868,-1.095093
44.783895,-1.018767
44.718913,-0.942427
44.653919,-0.866080
44.588922,-0.789747
44.523912,-0.713425
44.458883,-0.637117
44.393832,-0.560828
44.328762,-0.484566
44.263683,-0.408349
44.198597,-0.332183
44.133488,-0.256045
44.068361,-0.179946
44.003227,-0.103895
43.938088,-0.027893
43.872953,0.048050
43.807812,0.123952
43.742662,0.199817
43.677512,0.275639
43.612360,0.351425
43.547207,0.427177
43.482057,0.502894
43.416911,0.578580
43.351776,0.654229
43.286650,0.729848
43.221518,0.805460
43.156383,0.881059
43.091253,0.956633
43.026127,1.032182
42.961000,1.107703
42.895842,1.183224
42.830639,1.258749
42.765413,1.334247
42.700159,1.409717
42.634870,1.485158
42.569539,1.560572
42.504151,1.635966
42.438715,1.711328
42.373232,1.786650
42.307701,1.861931
42.242117,1.937169
42.176484,2.012357
42.110802,2.087491
42.045061,2.162576
41.979260,2.237612
41.913400,2.312594
41.847481,2.387520
41.781526,2.462364
41.715520,2.537139
41.649458,2.611853
41.583349,2.686497
41.517205,2.761062
41.451043,2.835533
41.384856,2.909916
41.318622,2.984236
41.252352,3.058481
41.186057,3.132642
41.119747,3.206708
41.053399,3.280699
40.987005,3.354623
40.920571,3.428470
40.854105,3.502229
40.787612,3.575890
40.721061,3.649479
40.654450,3.722994
40.587780,3.796427
40.521051,3.869767
40.454261,3.943010
40.387404,4.016151
40.320451,4.089211
40.253397,4.162188
40.186239,4.235075
40.118982,4.307857
40.051622,4.380532
39.984150,4.453100
39.916554,4.525565
39.848835,4.597920
39.780989,4.670162
39.713009,4.742289
39.644889,4.814301
39.576631,4.886190
39.508230,4.957952
39.439679,5.029588
39.370973,5.101098
39.302104,5.172485
39.233061,5.243753
39.163860,5.314874
39.094493,5.385852
39.024952,5.456689
38.955230,5.527387
38.885314,5.597955
38.815218,5.668373
38.744950,5.738625
38.674508,5.808712
38.603887,5.878638
38.533083,5.948407
38.462101,6.018011
38.390953,6.087439
38.319641,6.156690
38.248163,6.225768
38.176526,6.294669
38.104736,6.363392
38.032795,6.431939
37.960708,6.500312
37.888485,6.568507
37.816139,6.636520
37.743687,6.704345
37.671107,6.772013
37.598405,6.839526
37.525591,6.906880
37.452676,6.974073
37.379665,7.041104
37.306544,7.107991
37.233313,7.174741
37.159974,7.241354
37.086533,7.307830
37.012978,7.374180
36.939311,7.440407
36.865540,7.506504
36.791661,7.572473
36.717659,7.638325
36.643520,7.704066
36.569232,7.769701
36.494805,7.835209
36.420235,7.900583
36.345500,7.965825
36.270576,8.030945
36.195435,8.095950
36.120087,8.160810
36.044556,8.225487
35.968814,8.289987
35.892831,8.354317
35.816578,8.418481
35.740104,8.482425
35.663404,8.546133
35.586457,8.609609
35.509247,8.672855
35.431781,8.735859
35.354095,8.798584
35.276185,8.861029
35.198050,8.923191
35.119694,8.985067
35.041123,9.046651
34.962349,9.107936
34.883387,9.168915
34.804252,9.229580
34.724944,9.289934
34.645445,9.349995
34.565776,9.409753
34.485963,9.469200
34.406029,9.528327
34.325913,9.587170
34.245634,9.645726
34.165207,9.703983
34.084649,9.761934
34.003912,9.819603
33.922995,9.876984
33.841904,9.934072
33.760639,9.990858
33.679168,10.047350
33.597489,10.103539
33.515592,10.159417
33.433469,10.214977
33.351112,10.270208
33.268504,10.325108
33.185630,10.379664
33.102493,10.433868
33.019107,10.487703
32.935454,10.541172
32.851522,10.594272
32.767321,10.646992
32.682870,10.699323
32.598156,10.751269
32.513164,10.802835
32.427903,10.854016
32.342402,10.904804
32.256651,10.955205
32.170637,11.005229
32.084356,11.054878
31.997844,11.104144
31.911100,11.153033
31.824115,11.201552
31.736884,11.249705
31.649419,11.297488
31.561740,11.344896
31.473844,11.391933
31.385728,11.438598
31.297403,11.484886
31.208868,11.530794
31.120126,11.576322
31.031178,11.621466
30.942038,11.666215
30.852712,11.710562
30.763178,11.754511
30.673442,11.798054
30.583524,11.841179
30.493443,11.883873
30.403194,11.926134
30.312756,11.967962
30.222145,12.009351
30.131380,12.050295
30.040483,12.090784
29.949412,12.130827
29.858184,12.170422
29.766803,12.209575
29.675296,12.248278
29.583646,12.286537
29.491871,12.324348
29.399952,12.361735
29.307908,12.398697
29.215734,12.435237
29.123440,12.471355
29.031015,12.507067
28.938449,12.542382
28.845739,12.577304
28.752883,12.611836
28.659876,12.645981
28.566710,12.679742
28.473391,12.713118
28.379900,12.746114
28.286218,12.778736
28.192342,12.810977
28.098303,12.842824
28.004071,12.874284
27.909608,12.905364
27.814881,12.936070
27.719989,12.966358
27.624897,12.996236
27.529573,13.025710
27.433989,13.054787
27.338234,13.083435
27.242310,13.111651
27.146205,13.139442
27.049908,13.166812
26.953458,13.193746
26.856878,13.220246
26.760176,13.246314
26.663359,13.271950
26.566432,13.297162
26.469419,13.321946
26.372344,13.346300
26.275211,13.370230
26.178008,13.393743
26.080757,13.416833
25.983465,13.439492
25.886131,13.461722
25.788742,13.483526
25.691318,13.504896
25.593864,13.525823
25.496377,13.546302
25.398829,13.566340
25.301239,13.585928
25.203619,13.605055
25.105971,13.623713
25.008263,13.641908
24.910500,13.659634
24.812693,13.676885
24.714844,13.693654
24.616947,13.709942
24.518981,13.725755
24.420949,13.741094
24.322852,13.755958
24.224689,13.770347
24.126456,13.784263
24.028147,13.797709
23.929757,13.810688
23.831286,13.823201
23.732724,13.835253
23.634088,13.846839
23.535366,13.857963
23.436554,13.868633
23.337640,13.878855
23.238627,13.888629
23.139540,13.897951
23.040362,13.906827
22.941095,13.915264
22.841722,13.923266
22.742291,13.930821
22.642789,13.937933
22.543217,13.944606
22.443574,13.950845
22.343893,13.956642
22.244175,13.962000
22.144416,13.966919
22.044615,13.971401
21.944796,13.975440
21.844967,13.979037
21.745135,13.982189
21.645295,13.984894
21.545452,13.987149
21.445620,13.988953
21.345818,13.990307
21.246067,13.991211
21.146320,13.991662
21.046603,13.991659
20.946943,13.991204
20.847362,13.990297
20.747810,13.988938
20.648296,13.987125
20.548847,13.984855
20.449490,13.982129
20.350169,13.978951
20.250892,13.975316
20.151684,13.971224
20.052567,13.966673
19.953491,13.961667
19.854449,13.956206
19.755453,13.950290
19.656512,13.943918
19.557619,13.937093
19.458754,13.929817
19.359919,13.922091
19.261113,13.913919
19.162345,13.905303
19.063605,13.896249
18.964887,13.886760
18.866182,13.876840
18.767501,13.866499
18.668834,13.855743
18.570187,13.844576
18.471545,13.833004
18.372925,13.821040
18.274315,13.808688
18.175715,13.795954
18.077125,13.782838
17.978564,13.769352
17.880033,13.755498
17.781526,13.741276
17.683053,13.726682
17.584624,13.711718
17.486246,13.696382
17.387919,13.680669
17.289652,13.664570
17.191452,13.648078
17.093326,13.631185
16.995282,13.613878
16.897329,13.596148
16.799479,13.577981
16.701731,13.559362
16.604099,13.540276
16.506598,13.520714
16.409234,13.500666
16.312005,13.480114
16.214923,13.459048
16.118000,13.437460
16.021242,13.415346
15.924649,13.392692
15.828228,13.369493
15.731993,13.345744
15.635955,13.321443
15.540102,13.296584
15.444443,13.271164
15.348990,13.245181
15.253754,13.218638
15.158723,13.191530
15.063892,13.163856
14.969266,13.135616
14.874845,13.106813
14.780630,13.077447
14.686615,13.047521
14.592796,13.017036
14.499167,12.985998
14.405720,12.954409
14.312458,12.922277
14.219380,12.889609
14.126471,12.856409
14.033715,12.822686
13.941098,12.788448
13.848649,12.753710
13.756344,12.718479
13.664167,12.682763
13.572108,12.646571
13.480191,12.609913
13.388421,12.572795
13.296789,12.535218
13.205291,12.497184
13.113945,12.458697
13.022765,12.419757
12.931748,12.380359
12.840898,12.340498
12.750231,12.300171
12.659764,12.259372
12.569506,12.218091
12.479465,12.176317
12.389658,12.134037
12.300101,12.091241
12.210808,12.047921
12.121792,12.004064
12.033057,11.959663
11.944618,11.914711
11.856487,11.869203
11.768678,11.823135
11.681185,11.776499
11.594019,11.729294
11.507196,11.681520
11.420726,11.633177
11.334591,11.584259
11.248802,11.534768
11.163371,11.484710
11.078306,11.434090
10.993579,11.382903
10.909192,11.331156
10.825148,11.278857
10.741451,11.226012
10.658086,11.172621
10.575047,11.118691
10.492333,11.064230
10.409944,11.009245
10.327875,10.953744
10.246121,10.897735
10.164677,10.841226
10.083538,10.784228
10.002698,10.726751
9.922163,10.668809
9.841922,10.610411
9.761967,10.551568
9.682295,10.492294
9.602913,10.432605
9.523815,10.372510
9.444992,10.312022
9.366440,10.251153
9.288161,10.189917
9.210150,10.128326
9.132397,10.066388
9.054899,10.004116
8.977652,9.941521
8.900653,9.878614
8.823893,9.815404
8.747365,9.751898
8.671066,9.688109
8.594993,9.624045
8.519140,9.559712
8.443502,9.495114
8.368077,9.430255
8.292865,9.365139
8.217866,9.299764
8.143080,9.234132
8.068511,9.168241
7.994159,9.102086
7.920028,9.035662
7.846126,8.968965
7.772461,8.901989
7.699034,8.834722
7.625855,8.767153
7.552934,8.699273
7.480285,8.631078
7.407903,8.562555
7.335793,8.493697
7.263957,8.424499
7.192405,8.354974
7.121130,8.285117
7.050129,8.214930
6.979395,8.144419
6.908929,8.073597
6.838722,8.002475
6.768764,7.931064
6.699044,7.859378
6.629548,7.787432
6.560267,7.715252
6.491184,7.642856
6.422282,7.570263
6.353543,7.497491
6.284957,7.424561
6.216511,7.351488
6.148193,7.278286
6.079995,7.204967
6.011909,7.131539
5.943928,7.058010
5.876048,6.984387
5.808268,6.910675
5.740590,6.836878
5.673008,6.762990
5.605528,6.689011
5.538155,6.614939
5.470901,6.540774
5.403769,6.466504
5.336767,6.392120
5.269905,6.317619
5.203200,6.243002
5.136655,6.168264
5.070268,6.093391
5.004046,6.018389
4.937991,5.943261
4.872102,5.868013
4.806367,5.792639
4.740783,5.717151
4.675342,5.641557
4.610032,5.565871
4.544834,5.490096
4.479735,5.414252
4.414717,5.338354
4.349755,5.262415
4.284828,5.186453
4.219915,5.110487
4.154997,5.034532
4.090050,4.958597
4.025068,4.882698
3.960041,4.806846
3.894961,4.731048
3.829818,4.655303
3.764614,4.579616
3.699350,4.503989
3.634029,4.428418
3.568655,4.352897
3.503236,4.277417
3.437783,4.201970
3.372309,4.126544
3.306826,4.051127
3.241352,3.975707
3.175900,3.900272
3.110487,3.824814
3.045125,3.749329
2.979822,3.673807
2.914586,3.598243
2.849432,3.522645
2.784369,3.447015
2.719395,3.371349
2.654507,3.295641
2.589716,3.219909
2.525032,3.144174
2.460437,3.068424
2.395919,2.992657
2.331489,2.916907
2.267162,2.841207
2.202886,2.765516
2.138658,2.689846
2.074489,2.614232
2.010367,2.538679
1.946253,2.463160
1.882154,2.387704
1.818066,2.312326
1.753951,2.237006
1.689813,2.161769
1.625639,2.086621
1.561399,2.011554
1.497092,1.936589
1.432704,1.861730
1.368212,1.786980
1.303604,1.712349
1.238865,1.637848
1.173976,1.563482
1.108915,1.489259
1.043681,1.415201
0.978242,1.341306
0.913450,1.267924
0.849520,1.195547
0.785506,1.123286
0.721442,1.051176
0.657299,0.979191
0.593092,0.907339
0.528815,0.835611
0.464484,0.764010
0.400088,0.692504
0.335658,0.621090
0.271189,0.549724
0.206711,0.478415
0.142230,0.407152
0.077728,0.335919
0.013191,0.264735
-0.051405,0.193629
-0.116104,0.122593
-0.180918,0.051617
-0.245848,-0.019331
-0.310884,-0.090299
-0.375969,-0.161298
-0.441081,-0.232378
-0.506187,-0.303567
-0.571235,-0.374867
-0.636211,-0.446321
-0.701068,-0.517919
-0.765798,-0.589699
-0.830374,-0.661656
-0.894786,-0.733805
-0.959022,-0.806149
-1.023064,-0.878677
-1.086922,-0.951406
-1.150580,-1.024310
-1.214048,-1.097391
-1.277327,-1.170638
-1.340425,-1.244037
-1.403352,-1.317574
-1.466120,-1.391242
-1.528738,-1.465031
-1.591213,-1.538934
-1.653548,-1.612949
-1.715744,-1.687079
-1.777797,-1.761332
-1.839694,-1.835715
-1.901416,-1.910238
-1.962949,-1.984918
-2.024288,-2.059779
-2.085415,-2.134809
-2.146322,-2.210002
-2.207023,-2.285367
-2.267539,-2.360910
-2.327879,-2.436613
-2.388054,-2.512451
-2.448109,-2.588429
-2.508095,-2.664552
-2.568020,-2.740766
-2.627915,-2.817061
-2.687819,-2.893449
-2.747749,-2.969927
-2.807693,-3.046473
-2.867657,-3.123097
-2.927655,-3.199837
-2.987641,-3.276665
-3.047606,-3.353611
-3.107552,-3.430726
-3.167415,-3.507983
-3.227177,-3.585410
-3.286825,-3.663041
-3.346313,-3.740868
-3.405612,-3.818901
-3.464705,-3.897168
-3.523565,-3.975679
-3.582151,-4.054427
-3.640458,-4.133445
-3.698458,-4.212741
